0,DornDoodly
1,Willyis40,DornDoodly
2,DornDoodly,Willyis40
3,Willyis40,DornDoodly
1,Classic-Usual-3941,DornDoodly
1,dadoji,DornDoodly
2,DornDoodly,dadoji
3,dadoji,DornDoodly
1,wvnative01,DornDoodly
2,DornDoodly,wvnative01
3,wvnative01,DornDoodly
1,tev81,DornDoodly
0,Addicted-2Diving
1,Slight-Confusion6075,Addicted-2Diving
2,Addicted-2Diving,Slight-Confusion6075
3,Slight-Confusion6075,Addicted-2Diving
1,Addicted-2Diving,Addicted-2Diving
2,DornDoodly,Addicted-2Diving
3,Addicted-2Diving,DornDoodly
1,pjd1965,Addicted-2Diving
2,Addicted-2Diving,pjd1965
1,O_Neders,Addicted-2Diving
2,Addicted-2Diving,O_Neders
0,lillyofthedesert
0,Bend-Frosty
1,colterpierce,Bend-Frosty
1,WaitingFish3204,Bend-Frosty
1,Addicted-2Diving,Bend-Frosty
0,SpongeBobfan1987
0,ThanosGodzilla
1,ttcfanboy,ThanosGodzilla
2,ThanosGodzilla,ttcfanboy
1,Dry-Appearance7290,ThanosGodzilla
1,g1mliSonOfGlo1n,ThanosGodzilla
0,234_gagosl
0,Ricecakes4
1,klutzycat1975,Ricecakes4
1,Addicted-2Diving,Ricecakes4
1,Scientist-Heavy,Ricecakes4
1,madmexicano,Ricecakes4
0,scubasteve254
1,Gato321,scubasteve254
1,OvercookedRedditor,scubasteve254
2,scubasteve254,OvercookedRedditor
2,Jordan209posts,OvercookedRedditor
2,grex80,OvercookedRedditor
1,Dry-Appearance7290,scubasteve254
0,Dry-Appearance7290
1,RamJamR,Dry-Appearance7290
1,dadoji,Dry-Appearance7290
2,Dry-Appearance7290,dadoji
2,WiLDcreditCARD,dadoji
1,mebunghole,Dry-Appearance7290
1,DaltonPerdue,Dry-Appearance7290
1,Ok-Sheepherder7262,Dry-Appearance7290
2,Dry-Appearance7290,Ok-Sheepherder7262
3,Ok-Sheepherder7262,Dry-Appearance7290
0,Igotdowntothevmmvmm
0,Flisick
1,dmbzorz,Flisick
0,234_gagosl
1,dadoji,234_gagosl
1,Deluxe-Viper,234_gagosl
1,Dry-Appearance7290,234_gagosl
1,Gaster_Pollo_1963,234_gagosl
1,LayneCobain04052002,234_gagosl
2,234_gagosl,LayneCobain04052002
3,LayneCobain04052002,234_gagosl
1,grex80,234_gagosl
0,Groundbreaking_Bar26
1,DornDoodly,Groundbreaking_Bar26
1,WadeWilsonX616,Groundbreaking_Bar26
0,THETIGERTANK51
1,hikikomori_music,THETIGERTANK51
2,THETIGERTANK51,hikikomori_music
1,DaltonPerdue,THETIGERTANK51
1,Gaster_Pollo_1963,THETIGERTANK51
2,THETIGERTANK51,Gaster_Pollo_1963
3,Gaster_Pollo_1963,THETIGERTANK51
1,Addicted-2Diving,THETIGERTANK51
0,ToxiKanadian19
0,MaphilindoIsntBiased
1,BigJuicy17,MaphilindoIsntBiased
1,imjory,MaphilindoIsntBiased
1,arsinoe716,MaphilindoIsntBiased
1,TrickPhone6167,MaphilindoIsntBiased
1,Sad_Teaching6590,MaphilindoIsntBiased
0,ThanosGodzilla
1,HarvesternC,ThanosGodzilla
2,ThanosGodzilla,HarvesternC
1,AppropriateVariety84,ThanosGodzilla
1,jfweasel,ThanosGodzilla
2,ThanosGodzilla,jfweasel
0,234_gagosl
1,Deadzone-Music,234_gagosl
2,thatdudefromthattime,Deadzone-Music
1,hikikomori_music,234_gagosl
2,thatdudefromthattime,hikikomori_music
3,hikikomori_music,thatdudefromthattime
0,chiefnetroid
1,xartux,chiefnetroid
1,Addicted-2Diving,chiefnetroid
1,SatanistPenguin,chiefnetroid
1,chiefnetroid,chiefnetroid
1,Dry-Appearance7290,chiefnetroid
0,Addicted-2Diving
1,Addicted-2Diving,Addicted-2Diving
1,mrsdoubleu,Addicted-2Diving
2,Addicted-2Diving,mrsdoubleu
1,TerroDark98,Addicted-2Diving
2,Addicted-2Diving,TerroDark98
0,colin_guitar
0,N8McKay52
0,AShotgunNamedMarcus
1,DornDoodly,AShotgunNamedMarcus
1,LayneCobain04052002,AShotgunNamedMarcus
1,WadeWilsonX616,AShotgunNamedMarcus
0,Dry-Appearance7290
1,Dry-Appearance7290,Dry-Appearance7290
1,mebunghole,Dry-Appearance7290
1,Addicted-2Diving,Dry-Appearance7290
1,Lucid-Awakeningz,Dry-Appearance7290
