0,AudiQU4TTRO
1,Bugsy6543,AudiQU4TTRO
0,Absentmat2
1,deltree000,Absentmat2
2,Mediocre-GUY-976,deltree000
1,rennen-affe,Absentmat2
2,ForneauCosmique,rennen-affe
3,Absentmat2,ForneauCosmique
1,trollking66,Absentmat2
1,Aerie_Powerful,Absentmat2
1,twinturboV8hybrid,Absentmat2
1,J14YHM,Absentmat2
2,Intectra,J14YHM
3,liechsowagan,Intectra
2,Absentmat2,J14YHM
1,Unbiased_biases,Absentmat2
1,MoWageeh,Absentmat2
1,Mediocre-GUY-976,Absentmat2
0,ukcats12
1,chucchinchilla,ukcats12
2,twinturboV8hybrid,chucchinchilla
3,BaronSengir,twinturboV8hybrid
3,peekdasneaks,twinturboV8hybrid
2,PusyHands,chucchinchilla
2,pistofernandez,chucchinchilla
2,rotauge,chucchinchilla
3,greenchase,rotauge
2,I-bmac-n,chucchinchilla
1,TechnicalTop3618,ukcats12
2,SteezVanNoten,TechnicalTop3618
3,AdamJensensCoat,SteezVanNoten
2,Nineties,TechnicalTop3618
3,Sublethall,Nineties
3,MiscPostThrowaway,Nineties
2,stunandbung,TechnicalTop3618
3,legodjames23,stunandbung
2,Pjotr_plz,TechnicalTop3618
3,Tapsu10,Pjotr_plz
2,Slam_sahr,TechnicalTop3618
3,Grand_Fee_3258,Slam_sahr
2,xxPHILdaAGONYxx,TechnicalTop3618
2,xd_izzy,TechnicalTop3618
3,chronickiller71,xd_izzy
3,smashingdumpling,xd_izzy
3,Zestyclose_Tax_1779,xd_izzy
3,xxPHILdaAGONYxx,xd_izzy
2,DarkSammy79,TechnicalTop3618
1,Devin0705,ukcats12
2,Sublethall,Devin0705
3,07AudiS6V10,Sublethall
2,Sour_Smegmuh,Devin0705
3,RecommendationPlus84,Sour_Smegmuh
3,haeyhae11,Sour_Smegmuh
3,SGT_Entrails,Sour_Smegmuh
3,Daddynson1125,Sour_Smegmuh
2,Coolingritu,Devin0705
1,endeavor456,ukcats12
1,L3g3ndary-08,ukcats12
2,qu4ttro,L3g3ndary-08
2,Tapsu10,L3g3ndary-08
1,Conscious-Bonus-8076,ukcats12
2,shenaniganizer1776,Conscious-Bonus-8076
3,ukcats12,shenaniganizer1776
3,p4ul1023,shenaniganizer1776
3,Disposition__-,shenaniganizer1776
2,hobo_erotic,Conscious-Bonus-8076
2,lael8u,Conscious-Bonus-8076
3,Nineties,lael8u
2,JudgmentDisastrous75,Conscious-Bonus-8076
3,Conscious-Bonus-8076,JudgmentDisastrous75
1,dndrmfflnpaper,ukcats12
1,clauderbaugh,ukcats12
2,synthetikv,clauderbaugh
2,rlsanders,clauderbaugh
3,clauderbaugh,rlsanders
2,Analfister9,clauderbaugh
3,clauderbaugh,Analfister9
1,sav86,ukcats12
1,NotMuller,ukcats12
2,onlysimulacrum,NotMuller
3,NotMuller,onlysimulacrum
1,pferr86,ukcats12
2,Desutor,pferr86
1,tone-stallone,ukcats12
1,froschmann69,ukcats12
1,teriaksu,ukcats12
1,VentsiBeast,ukcats12
1,angrypooka,ukcats12
2,bircov,angrypooka
1,Baybladerz,ukcats12
2,clauderbaugh,Baybladerz
3,Baybladerz,clauderbaugh
3,Pjotr_plz,clauderbaugh
1,CLS4L,ukcats12
1,Acceptable_Car_1145,ukcats12
2,xxPHILdaAGONYxx,Acceptable_Car_1145
3,Acceptable_Car_1145,xxPHILdaAGONYxx
1,carbonmaker,ukcats12
2,pantsofmagic,carbonmaker
2,Pjotr_plz,carbonmaker
3,carbonmaker,Pjotr_plz
2,xxPHILdaAGONYxx,carbonmaker
1,Chrs2Dmax,ukcats12
1,boredandmotivated,ukcats12
2,onlyr6s,boredandmotivated
1,RomeoSierraSix,ukcats12
1,Audi-Sport,ukcats12
1,Psychological_Turn72,ukcats12
2,CoyotesAreGreen,Psychological_Turn72
1,Darisixnine,ukcats12
2,Big-Seaweed-7603,Darisixnine
1,Puzzleheaded_Bus_103,ukcats12
1,Boostlagg,ukcats12
1,GhostbustersActually,ukcats12
1,ItsPerfectlyBalanced,ukcats12
2,Pjotr_plz,ItsPerfectlyBalanced
3,ItsPerfectlyBalanced,Pjotr_plz
1,xEljazwi,ukcats12
1,jwwetz,ukcats12
1,WinterLord,ukcats12
1,choy188,ukcats12
1,Plus-Preference4081,ukcats12
1,Big-Seaweed-7603,ukcats12
2,Pjotr_plz,Big-Seaweed-7603
1,Correct-Willingness2,ukcats12
1,DVSMiC,ukcats12
1,Aggravating-Hat-8769,ukcats12
1,ThePapercup,ukcats12
1,Theskyaboveheaven,ukcats12
1,Desutor,ukcats12
1,flandy,ukcats12
1,Intectra,ukcats12
1,Scokan,ukcats12
1,brian_p_h,ukcats12
1,Sirocco1093884,ukcats12
2,Sirocco1093884,Sirocco1093884
1,bbmne,ukcats12
1,GasPasser73,ukcats12
1,ryusoma,ukcats12
1,dozazz,ukcats12
1,ripestmango,ukcats12
0,Lazy_Visit_5580
1,RunWithDullScissors,Lazy_Visit_5580
2,Lazy_Visit_5580,RunWithDullScissors
1,ceepeebaxter,Lazy_Visit_5580
2,winningrove,ceepeebaxter
1,Different-Art-5266,Lazy_Visit_5580
2,GuiltlessChaos,Different-Art-5266
3,georgepearl_04,GuiltlessChaos
1,beeeeeeeeeeeeeagle,Lazy_Visit_5580
1,PromiseCritical141,Lazy_Visit_5580
1,BabyNimps,Lazy_Visit_5580
2,Lazy_Visit_5580,BabyNimps
1,jjmjdad2,Lazy_Visit_5580
1,AdGlobal1637,Lazy_Visit_5580
1,CAMP_ACC,Lazy_Visit_5580
2,-PlayWithUsDanny-,CAMP_ACC
2,Apenerd,CAMP_ACC
1,VHSVoyage,Lazy_Visit_5580
1,bigtuuuna,Lazy_Visit_5580
1,logicallychallengd,Lazy_Visit_5580
1,knsaber,Lazy_Visit_5580
1,SilkyJohnson666,Lazy_Visit_5580
1,snowcat_srt,Lazy_Visit_5580
1,Objective-Alfalfa-88,Lazy_Visit_5580
1,life2scale,Lazy_Visit_5580
1,Useful-Pattern-5076,Lazy_Visit_5580
1,UglyPugs,Lazy_Visit_5580
1,Model_Yazz,Lazy_Visit_5580
1,YuconSugondees,Lazy_Visit_5580
1,Calm_Fish_9705,Lazy_Visit_5580
1,burner9752,Lazy_Visit_5580
1,jedi-son,Lazy_Visit_5580
1,DifficultWarthog2463,Lazy_Visit_5580
0,Useful-ldiot
1,bigdog24681012,Useful-ldiot
2,Useful-ldiot,bigdog24681012
3,orange_watermellon,Useful-ldiot
2,snarkapotamus,bigdog24681012
3,Grand_Fee_3258,snarkapotamus
1,Masteraustin,Useful-ldiot
2,Big-Seaweed-7603,Masteraustin
3,daq42_pews,Big-Seaweed-7603
2,TRDTONY,Masteraustin
3,Masteraustin,TRDTONY
2,scrummnums,Masteraustin
1,GetRichOrDieTryinnn,Useful-ldiot
2,tranand14,GetRichOrDieTryinnn
3,GetRichOrDieTryinnn,tranand14
1,knightrider540,Useful-ldiot
1,Useful-ldiot,Useful-ldiot
2,WhatIfICantMakeOneUp,Useful-ldiot
3,Useful-ldiot,WhatIfICantMakeOneUp
1,choy188,Useful-ldiot
2,Open_Union6843,choy188
3,choy188,Open_Union6843
1,TomatoOptimal626,Useful-ldiot
1,wutdis77,Useful-ldiot
1,SM_hydra_01,Useful-ldiot
1,doeffgek,Useful-ldiot
1,hughesethana,Useful-ldiot
1,froschmann69,Useful-ldiot
1,Aggravating-Hat-8769,Useful-ldiot
1,clauderbaugh,Useful-ldiot
1,Sleerpy,Useful-ldiot
1,Usaidhello,Useful-ldiot
1,DrMcJedi,Useful-ldiot
1,DVSMiC,Useful-ldiot
1,scrummnums,Useful-ldiot
2,Useful-ldiot,scrummnums
1,Dry_Mess_4505,Useful-ldiot
0,slowsongsandheadies
1,angrycatmeowmeow,slowsongsandheadies
2,slowsongsandheadies,angrycatmeowmeow
3,cmonbmw,slowsongsandheadies
1,angrypooka,slowsongsandheadies
2,Scythro,angrypooka
3,slowsongsandheadies,Scythro
1,throwawaythreehalves,slowsongsandheadies
1,a_wack,slowsongsandheadies
2,Kryptotek-9,a_wack
2,chewyblunts,a_wack
1,Goodpiff,slowsongsandheadies
2,N8rPot8r,Goodpiff
3,Comprehensive-Ask26,N8rPot8r
2,RaymondWhat,Goodpiff
2,j_yn0htna,Goodpiff
3,Goodpiff,j_yn0htna
2,joedog999,Goodpiff
3,46DegreeAngleGuy,joedog999
3,Goodpiff,joedog999
1,Socio_Prof,slowsongsandheadies
2,slowsongsandheadies,Socio_Prof
3,Beekatiebee,slowsongsandheadies
1,Alternative_User1,slowsongsandheadies
2,j_yn0htna,Alternative_User1
3,f488spyder,j_yn0htna
2,slowsongsandheadies,Alternative_User1
1,WooChildd,slowsongsandheadies
1,mjolnirredditer,slowsongsandheadies
2,phosaken,mjolnirredditer
1,deepfriedspacecake,slowsongsandheadies
2,foxapotamus,deepfriedspacecake
1,burntoutmillenial105,slowsongsandheadies
1,patmine23,slowsongsandheadies
1,NoIntroduction4603,slowsongsandheadies
1,Sizzler26,slowsongsandheadies
1,Jaydischord74,slowsongsandheadies
1,fourings_,slowsongsandheadies
1,zagggh54677,slowsongsandheadies
1,AWD_Gamers,slowsongsandheadies
1,Infamous-Flan-2414,slowsongsandheadies
1,TemporaryElectric,slowsongsandheadies
1,ronronthadon,slowsongsandheadies
2,majorglich,ronronthadon
1,IIllIIllIIIIlllIlI,slowsongsandheadies
2,Socio_Prof,IIllIIllIIIIlllIlI
2,slowsongsandheadies,IIllIIllIIIIlllIlI
3,IIllIIllIIIIlllIlI,slowsongsandheadies
1,zoinks_zoinks,slowsongsandheadies
1,YngKong24,slowsongsandheadies
2,slowsongsandheadies,YngKong24
1,Kevinm2278,slowsongsandheadies
1,donovanish,slowsongsandheadies
1,Beekatiebee,slowsongsandheadies
1,Background_Drag,slowsongsandheadies
1,ssurfong,slowsongsandheadies
1,Educational_Meet1885,slowsongsandheadies
1,tbizzles,slowsongsandheadies
2,slowsongsandheadies,tbizzles
1,JanuarySeventh85,slowsongsandheadies
2,slowsongsandheadies,JanuarySeventh85
1,Open_Union6843,slowsongsandheadies
1,SigurTom,slowsongsandheadies
1,kraregency,slowsongsandheadies
1,shamalama8686,slowsongsandheadies
1,Global_Net1974,slowsongsandheadies
1,TheSoleController,slowsongsandheadies
1,redacesfull,slowsongsandheadies
2,slowsongsandheadies,redacesfull
2,tuned08ss,redacesfull
3,slowsongsandheadies,tuned08ss
1,greenchase,slowsongsandheadies
1,sensiblynonsensical,slowsongsandheadies
2,slowsongsandheadies,sensiblynonsensical
3,sensiblynonsensical,slowsongsandheadies
1,KDizWHOiBE,slowsongsandheadies
2,alexm501,KDizWHOiBE
1,mikeyg83,slowsongsandheadies
1,brobst101,slowsongsandheadies
2,slowsongsandheadies,brobst101
1,Aerie_Powerful,slowsongsandheadies
1,Pocketfulofjays,slowsongsandheadies
1,Vanquishx4,slowsongsandheadies
1,salad445,slowsongsandheadies
1,Irma_Ratcliff,slowsongsandheadies
1,akhipatel,slowsongsandheadies
1,crispy85022,slowsongsandheadies
1,adrian_elliot,slowsongsandheadies
1,Absentmat2,slowsongsandheadies
1,dharder9475,slowsongsandheadies
1,kon---,slowsongsandheadies
1,AggressiveSoil5127,slowsongsandheadies
2,Rusted_nuts,AggressiveSoil5127
1,galen2922,slowsongsandheadies
1,dstock303,slowsongsandheadies
2,Rusted_nuts,dstock303
1,Lilypad_87,slowsongsandheadies
1,Separate_Future_9113,slowsongsandheadies
1,folderolololol,slowsongsandheadies
1,x7n1nj47x,slowsongsandheadies
1,conradoaraujo,slowsongsandheadies
1,olive_ate_my_pimento,slowsongsandheadies
1,CareerMicDrop,slowsongsandheadies
1,Psychquo98,slowsongsandheadies
1,CaezarVII,slowsongsandheadies
2,slowsongsandheadies,CaezarVII
1,feeltheFX,slowsongsandheadies
2,slowsongsandheadies,feeltheFX
1,FlakyFile1150,slowsongsandheadies
1,dchurley1,slowsongsandheadies
1,qu4ttro,slowsongsandheadies
1,imsubtlyanonymous,slowsongsandheadies
0,theonlyquincy6189
1,trollking66,theonlyquincy6189
2,theonlyquincy6189,trollking66
1,proformax,theonlyquincy6189
2,theonlyquincy6189,proformax
3,Odd-Shake5153,theonlyquincy6189
1,larphraulen,theonlyquincy6189
2,theonlyquincy6189,larphraulen
1,chadman350,theonlyquincy6189
2,theonlyquincy6189,chadman350
1,Grand_Fee_3258,theonlyquincy6189
2,theonlyquincy6189,Grand_Fee_3258
1,Stroke_Streak,theonlyquincy6189
0,Swimming_Extreme2555
1,soggywaffle47,Swimming_Extreme2555
2,totallynotstefan,soggywaffle47
3,Swimming_Extreme2555,totallynotstefan
1,TheeMalaka,Swimming_Extreme2555
2,dd1989NL,TheeMalaka
3,TheeMalaka,dd1989NL
1,TheSoleController,Swimming_Extreme2555
1,GetRichOrDieTryinnn,Swimming_Extreme2555
1,Spoonman500,Swimming_Extreme2555
1,Cultural_Scallion532,Swimming_Extreme2555
1,Swimming_Extreme2555,Swimming_Extreme2555
2,boutSix,Swimming_Extreme2555
2,Insert_creative,Swimming_Extreme2555
3,Swimming_Extreme2555,Insert_creative
2,Ricktexatx,Swimming_Extreme2555
3,Swimming_Extreme2555,Ricktexatx
2,Spoonman500,Swimming_Extreme2555
2,thrillcosbey,Swimming_Extreme2555
2,Dear-Divide7330,Swimming_Extreme2555
1,WooChildd,Swimming_Extreme2555
2,zDEFEKT,WooChildd
1,Swimming_Extreme2555,Swimming_Extreme2555
1,Majestic-Antelope466,Swimming_Extreme2555
1,DontBuyAmmoOnReddit,Swimming_Extreme2555
1,AB5642,Swimming_Extreme2555
2,Swimming_Extreme2555,AB5642
3,AB5642,Swimming_Extreme2555
2,Swimming_Extreme2555,AB5642
1,foolishspace77,Swimming_Extreme2555
1,StrangeWorldd,Swimming_Extreme2555
1,PapasMP,Swimming_Extreme2555
2,Swimming_Extreme2555,PapasMP
1,geocorb,Swimming_Extreme2555
1,geocorb,Swimming_Extreme2555
1,killmesoftly6969,Swimming_Extreme2555
1,Open_You1169,Swimming_Extreme2555
1,Snakestar1616,Swimming_Extreme2555
1,thrillcosbey,Swimming_Extreme2555
1,SubstaintialBranch,Swimming_Extreme2555
1,thrillcosbey,Swimming_Extreme2555
1,iBuyNSellSht,Swimming_Extreme2555
1,ProteinFart_,Swimming_Extreme2555
1,ferraricare,Swimming_Extreme2555
0,TreeComplete3652
0,Mouse_Trap05
1,twinturboV8hybrid,Mouse_Trap05
1,timeye13,Mouse_Trap05
1,Scottyjb93,Mouse_Trap05
0,TailorItchy1582
0,nsnishant17
1,Grand_Fee_3258,nsnishant17
1,Cannuckk,nsnishant17
2,nsnishant17,Cannuckk
3,None,nsnishant17
1,FinalVegetable6314,nsnishant17
2,nsnishant17,FinalVegetable6314
1,CowChow70,nsnishant17
2,Cricket_Vee,CowChow70
2,Fantastic_Diamond42,CowChow70
1,ck256-2000,nsnishant17
2,nsnishant17,ck256-2000
1,Aezu,nsnishant17
2,nsnishant17,Aezu
0,kmtran33
1,Low_Group9065,kmtran33
2,greatmagneticfield,Low_Group9065
1,Ok-Worker4183,kmtran33
1,Maleficent_CHIC_1337,kmtran33
1,miniw73166,kmtran33
1,hattori_hongzo,kmtran33
1,VenomRek,kmtran33
1,dkgrant,kmtran33
1,IIllIIllIIIIlllIlI,kmtran33
1,hughesethana,kmtran33
1,Boostlagg,kmtran33
1,AFrozen_1,kmtran33
1,Sublethall,kmtran33
2,Urdreamin,Sublethall
1,Little709,kmtran33
1,MightyH3idi,kmtran33
1,trollking66,kmtran33
1,b5clay,kmtran33
0,Flatsechs
1,carrlife,Flatsechs
2,Flatsechs,carrlife
1,larphraulen,Flatsechs
1,TPRT,Flatsechs
1,chadman350,Flatsechs
2,Flatsechs,chadman350
1,Sweaty_Win1832,Flatsechs
0,Witty-Performance-29
1,chocodad46,Witty-Performance-29
0,coin_pwr
1,angrycatmeowmeow,coin_pwr
1,placebo_button,coin_pwr
2,totallynotstefan,placebo_button
1,Deshackled,coin_pwr
2,coin_pwr,Deshackled
1,PeptoRicemo,coin_pwr
1,cactus_cars,coin_pwr
1,jordi1695,coin_pwr
2,coin_pwr,jordi1695
0,Necessary-Active-987
1,pastaman5,Necessary-Active-987
1,Cultural_Scallion532,Necessary-Active-987
1,larphraulen,Necessary-Active-987
1,ejfx,Necessary-Active-987
1,LivinInLogisticsHell,Necessary-Active-987
1,saabister,Necessary-Active-987
1,fourings_,Necessary-Active-987
2,OhEidirsceoil,fourings_
3,AtomiicDonkey,OhEidirsceoil
1,Queenasheeba99,Necessary-Active-987
1,Spiritual_Run5055,Necessary-Active-987
2,slowsongsandheadies,Spiritual_Run5055
1,AFrozen_1,Necessary-Active-987
1,Several-Parsley-1924,Necessary-Active-987
2,jdanny_10903,Several-Parsley-1924
1,smiteandcleanse1000,Necessary-Active-987
1,prive8,Necessary-Active-987
1,LogicalVoice3,Necessary-Active-987
2,Paid-Not-Payed-Bot,LogicalVoice3
2,ChewbacaTheHairy,LogicalVoice3
3,LogicalVoice3,ChewbacaTheHairy
1,maxoys45,Necessary-Active-987
2,Necessary-Active-987,maxoys45
3,maxoys45,Necessary-Active-987
1,diaperboynicky,Necessary-Active-987
1,ConfidentFinish3580,Necessary-Active-987
2,stavic07,ConfidentFinish3580
1,sdm6770,Necessary-Active-987
0,Horror_Judge_4621
0,OliverK759
1,poorplutoisaplanetto,OliverK759
2,keivmoc,poorplutoisaplanetto
1,OliverK759,OliverK759
2,Invalid_space,OliverK759
3,OliverK759,Invalid_space
2,TurkeyBLTSandwich,OliverK759
1,twinturboV8hybrid,OliverK759
2,NaZdrowie8,twinturboV8hybrid
2,synthetikv,twinturboV8hybrid
1,herkalurk,OliverK759
1,stunandbung,OliverK759
1,SoggyPomegranate4258,OliverK759
1,8o_mjc_o8,OliverK759
1,JustPerspective1522,OliverK759
2,FPSUsername,JustPerspective1522
1,Santa_Hates_You,OliverK759
2,EveningAd6796,Santa_Hates_You
2,twinturboV8hybrid,Santa_Hates_You
1,WooChildd,OliverK759
2,sryan2k1,WooChildd
3,WooChildd,sryan2k1
1,skodes21,OliverK759
2,sryan2k1,skodes21
3,skodes21,sryan2k1
2,Ruepic,skodes21
1,pistopherchraul,OliverK759
1,07AudiS6V10,OliverK759
1,alextastic,OliverK759
1,AggressiveSoil5127,OliverK759
1,kon---,OliverK759
1,Denders-NL,OliverK759
1,Mikael_Berglund,OliverK759
1,Kapot_ei,OliverK759
1,ahiddenpolo,OliverK759
1,Ownfir,OliverK759
0,Jolio1994
1,Nineties,Jolio1994
2,Jolio1994,Nineties
1,Gloomy-Employment-72,Jolio1994
1,Apocalypsox,Jolio1994
1,rennen-affe,Jolio1994
1,AtomicAether,Jolio1994
2,xartic1,AtomicAether
3,AtomicAether,xartic1
1,Cultural_Scallion532,Jolio1994
1,Heinrich711,Jolio1994
1,NJALANS,Jolio1994
1,Jawnny-Jawnson,Jolio1994
0,TankWarm7356
1,adrian_elliot,TankWarm7356
0,EndlessPluvia
0,pistopherchraul
1,Pjotr_plz,pistopherchraul
1,zDEFEKT,pistopherchraul
0,Ok-Driver-1935
1,wrongwayup,Ok-Driver-1935
0,kfayz
1,rennen-affe,kfayz
2,kfayz,rennen-affe
3,GaRGa77,kfayz
1,AtomiicDonkey,kfayz
1,twinturboV8hybrid,kfayz
1,vaiNe_,kfayz
2,kfayz,vaiNe_
3,vaiNe_,kfayz
1,SenhorSus,kfayz
2,kfayz,SenhorSus
3,SenhorSus,kfayz
2,slykens1,SenhorSus
1,TheoAPU,kfayz
1,Jusmon1108,kfayz
