Yimpa_aum;2749
BLINDED0401;18441601
maxstronge;__keanu
MangoTekNo;__keanu
Aidanator800;-_1_2_3_-
Pgrol;-_1_2_3_-
Professional-Duck964;_MissionControlled_
h3x13;_So_Damn_Ugly
LagSlug;_the_CacKaLacKy_Kid_
AutoModerator;100percentnotgood
RedditismyBFF;100percentnotgood
Langersuk;100percentnotgood
behsiu;100percentnotgood
AutoModerator;151N
RedditLovingSun;151N
AmnesiacGamer;151N
Top_Culture_9625;151N
split_skunk;151N
minertyler100;151N
See-Fello;151N
behsiu;151N
apathetic_fox;151N
ManufacturerThis2673;151N
slowslownotbad;151N
Tell2ko;151N
ahtoshkaa2;151N
RedBullPittsburgh;151N
LawofRa;151N
Nathan_RH;151N
dezmd;151N
silver_linning22;151N
Znuffles_;151N
Kithslayer;151N
Tell2ko;151N
wasupmadodos;151N
aL_Quarter;151N
UppityPotHead;151N
TimmyJr123;151N
MeetElectrical7221;151N
TimmyJr123;151N
csorfab;151N
PutridAppointment69;151N
seanvance;151N
mccurleyfries;151N
Ok_Whole6079;151N
vivalosabortionistas;151N
Secapaz;151N
InfoOnAI;151N
realquietmood;151N
Eskimo12345;151N
LZGM;151N
tandoori_taco_cat;151N
TheMarksmanHedgehog;151N
Odisher7;151N
Smeeffy;151N
DC_Sun;151N
R33v3n;151N
omniscientsputnik;151N
PlasticDry;151N
wildweeds;151N
No-Mongoose5307;151N
israelavila;151N
SpiritualScumlord;151N
shrike_999;151N
nauti107;151N
MuscaMurum;151N
ihateyoustrongly;151N
Capable-Reaction8155;151N
BobsonDonut;151N
GodTaoistofPatience;151N
thelongestunderscore;151N
TheCircleLurker;151N
CatLover28803;151N
canmoose;151N
aBlueCreature;151N
jiaxingseng;151N
Captain_Pumpkinhead;151N
DeadKennedy23;151N
Fun-Cupcake4430;151N
xondk;151N
ILikeMagicz;151N
thefunyunman;151N
MrCW64;151N
Creative-Row-8605;151N
AestheticTentacle;151N
bouncyprojector;151N
Okidoky123;151N
turfftom;151N
ellebellerose;151N
TheLizKing;151N
Angel_Madison;151N
SubjectTwoTwoThree;151N
Moynihan93;151N
Yuli-Ban;151N
zabby39103;151N
GodsPeepeeMilker;151N
throwawayreddit6565;151N
ishootdawgs4fun;151N
ChimpWithAGun;151N
thowawaywookie;151N
happychapsteve;151N
SuchaUnlikelyEvent;151N
sarcasmyousausage;151N
Gagerage22;151N
Necessary_Echo8740;151N
Seeker_Of_Knowledge-;151N
Seeker_Of_Knowledge-;151N
Chatbotfriends;151N
blueboy664;151N
samu-ra-9-i;151N
trvr_;151N
bubbafx;151N
No-Sundae4382;151N
Gameington;151N
g-money-cheats;151N
ksknksk;151N
Pawneewafflesarelife;151N
kitastrophae;151N
Znuffles_;151N
Brian_Klein1708;151N
Brian_Klein1708;151N
sweeterthanahoneydew;151N
perplex1;151N
Ok_Mix_949;151N
LegallyBlondeARB;151N
Dinner8846;151N
bill_gates_lover;151N
chairmankim007;151N
None;151N
valeriolo;151N
JarAC77;151N
Yoddlydoddly;151N
trippstick;151N
Pacalyps4;151N
spooks_malloy;151N
None;151N
bono_my_tires;151N
l-cia;151N
sschepis;151N
Veckyiom;151N
GrumpyBearBank;151N
International_Ad5667;151N
13Robson;151N
s00pafly;151N
electric_shocks;151N
QWAZEmotto;151N
PAWG-S0TH0TH;151N
UsagiJak;151N
dubiousadvocate;151N
LOGSLAUG;151N
JSutt771;151N
ZealousidealJoke3319;151N
aianytime;151N
Fresh-Ad6956;151N
wolowhatever;151N
None;151N
polynomials;151N
RustyShuttle;151N
fupoe69;151N
No_Silver_7552;151N
Bluetrain_;151N
DescriptionFit8785;151N
Ssamy30;151N
Fine_Ad_9964;151N
eOMG;151N
Ok-Tank5893;151N
DefiantDeviantArt;151N
Notyit;151N
Scaredtodeathanon;151N
KingJeff314;151N
TheOnlyVibemaster;151N
rollerlez;151N
mid50smodern;151N
Apoltyr87366;151N
LordMaxIV;151N
internetcookiez;151N
SquanchyBirb;151N
DontPoopIfUCantScoop;151N
th3va1kyri3;151N
CharlyShouldWork;151N
bushmaster77;151N
Abentura;151N
xJV6-68XsP;151N
TCFalconBirds;151N
blisstonia;151N
henryreign;151N
Swagi666;151N
Ricothebuttonpusher;151N
CaptainTortillas_;151N
Failed_Alarm;151N
QuantumFTL;151N
Joscar_5422;151N
ReallySadBrand;151N
conradslater;151N
malevolentslime;1FtMenace
mimavox;240pixels
LocksmithNo9994;240pixels
Professional-Duck964;27and26
Who_Gives_A_Duck;2ln2auq2
WhosTheDumbOne;3DimensionalChar
i-kno-nothing;3DimensionalChar
Ill_Ant_1857;3DimensionalChar
Peace-D;3DimensionalChar
batata_flita;3DimensionalChar
__s_v_;3DimensionalChar
hanzoplsswitch;3DimensionalChar
intangibleTangelo;3DimensionalChar
tensedTorch;3DimensionalChar
seriousbeef;3DimensionalChar
Key-Fox-8765;3DimensionalChar
__nickerbocker__;3DimensionalChar
AffordableTimeTravel;3DimensionalChar
hateboresme;3DimensionalChar
Jknaray;3DimensionalChar
GrowFreeFood;3DimensionalChar
Ill-Translator-3742;4-ho-bert
LOX_lover;4-ho-bert
LTxDANxICEcream;7of10-Flat
HappyHappyButts;8x6grower
AutoModerator;AaronTheAaron1
Pearl-ish;AaronTheAaron1
mrpaw69;AaronTheAaron1
crypto-moonshots;AaronTheAaron1
komoro;AaronTheAaron1
Some-Tie7316;AaronTheAaron1
behsiu;AaronTheAaron1
Semtex_cz;AaronTheAaron1
sometechloser;AaronTheAaron1
TheeRetardedChild;AaronTheAaron1
Ok_Faithlessness4197;AaronTheAaron1
No_Diamond424;AaronTheAaron1
miko_top_bloke;AaronTheAaron1
CollateralEstartle;AaronTheAaron1
Walter-White-Senior;AaronTheAaron1
Plane-Trade8459;AaronTheAaron1
The_Lovely_Blue_Faux;AaronTheAaron1
star_wars_the_501st;AaronTheAaron1
CosmosKing98;AaronTheAaron1
Total-Confusion-9198;AaronTheAaron1
Omarelfi;AaronTheAaron1
Who_Gives_A_Duck;AaronTheAaron1
Faintly_glowing_fish;AaronTheAaron1
Heisman20;AaronTheAaron1
Expensive_Wolverine7;AaronTheAaron1
Hydros;AaronTheAaron1
Riverboarder;AaronTheAaron1
Enoch_Moke;AaronTheAaron1
SSupreme_;abecadarian
throwaway_00147;Acoustic-Sky
Philipp;adijsad
LOX_lover;AdRepresentative2263
18441601;AdRepresentative2263
Epic1024;Affectionate-Fuel-26
tikkymykk;Aglavra
Umpteenth_zebra;Aglavra
RustyShuttle;ahtoshkaa2
jaseisondacase;ahtoshkaa2
raxrb;aidanashby
raxrb;ajackacend
The-Rice-Boi;akaBigWurm
AutoModerator;akiptif
behsiu;akiptif
shawnadelic;AlbertShamus
utopista114;alexisatk
dangercat415;alexiuss
sanderd17;alexiuss
whiskeyandbear;alexiuss
Available-Ad6584;alexiuss
BlackSheepRebellion;alexiuss
alexisatk;alexiuss
WarmSignificance1;alexiuss
pgtvgaming;alexiuss
MarioVX;alexiuss
animefreak701139;Alone_Wolverine2269
TheMightyPickaxe;Alternative-Ninja-50
robertjbrown;Altruistic-Hat-9604
paintergal5;Ambitious-Pirate-505
Ibaneztwink;Ambitious-Pirate-505
AmericanCobra;Ambitious-Pirate-505
Fortimus_Prime;AmnesiacGamer
santa_veronica;AmnesiacGamer
staffell;AmnesiacGamer
rodeBaksteen;AmnesiacGamer
76oakst;AmnesiacGamer
paegus;AmnesiacGamer
DeleteMetaInf;Ancquar
Jptvega687;Ancquar
Additional-Candle-47;Ancquar
Top_Culture_9625;Ancquar
Valuable-Management3;Ancquar
kaosi_schain;Ancquar
rursache;anotherfakeloginname
Commercial_Study_112;anotherfakeloginname
Aurelius_Red;anythingMuchShorter
JoeBucklington;anythingMuchShorter
Excellent-Timing;anythingMuchShorter
fleegle2000;apathetic_fox
AutoModerator;apluskale
DisasterAwareness;apluskale
DisasterAwareness;apluskale
Friendly_Raven_333;apluskale
The_Lovely_Blue_Faux;apluskale
ContributionMoist131;apluskale
behsiu;apluskale
wurstgigant;apluskale
Novel-Engineering590;apluskale
bored_android_user;apluskale
rhiao;apluskale
Greyfish918;ApprehensiveAd8691
rek-lama;AquaRegia
AutoModerator;argidev
StaticNocturne;argidev
Greydox;argidev
Previous-Present-639;argidev
DisasterAwareness;argidev
behsiu;argidev
Arachnophine;argidev
tobojijo;argidev
Old_Release_6311;argidev
boronara;ArtemonBruno
LOX_lover;ArtemonBruno
maxchris;Artificionados
Hakuchansankun;Attentive-Antihero
oynutta_;Aurelius_Red
SuperBonerFart;Austinsmakingstuff
xCyn1cal0wlx;autemox
UltimateWager;autemox
Lionfyst;automatedcharterer
silver_linning22;automatedcharterer
wikipedia_answer_bot;AvocadoSea242
Yuvalk1;Avoidlol
DonRobo;Avoidlol
BuckwheatMechanics;azizhp
RemindMeBot;AzJedi75
subjectandapredicate;babbagoo
WheresTheEggsAt;BackForMore666
IFailedTuringTestAMA;Barinitall
sam349;Barinitall
Fantastic_Solution68;Barinitall
XxGod_fucker69xX;Barinitall
Eralsol;Barinitall
Xxyz260;BasketballAndPorn
Martineski;BasketballAndPorn
Doktor_Apokalypse;batata_flita
jPup_VR;Bayoris
AutoModerator;BEASTawesome534
BEASTawesome534;BEASTawesome534
PandaBoyWonder;BeautifulType
Quick_Movie_5758;BeautifulType
Bad_Dog_No_No;BeautifulType
Stone_Balled;behsiu
boiseairguard;behsiu
imagination_machine;behsiu
No-Independence-165;behsiu
churrmander;behsiu
norsurfit;behsiu
ranegyr;behsiu
paperplatesforsale;behsiu
EnsignElessar;behsiu
ahtoshkaa2;behsiu
jaseisondacase;behsiu
BetterProphet5585;behsiu
International_Ad5667;behsiu
animefreak701139;behsiu
ThisUserIsAFailure;behsiu
brandonennz;behsiu
raxrb;behsiu
RustyShuttle;behsiu
Schmorbly;behsiu
Vivid_Garbage6295;behsiu
DisappointedLily;behsiu
HOLUPREDICTIONS;behsiu
Turbulent-Froyo7352;behsiu
derpstaria;behsiu
UltimateWager;behsiu
Old-Combination8062;behsiu
YourDailyUwU;behsiu
SuckMyPenisReddit;behsiu
CulturedNiichan;behsiu
SquadPoopy;behsiu
InNotOf;behsiu
MattYou1993;behsiu
docchrizly;behsiu
LocksmithPleasant814;behsiu
clivealive50;behsiu
clivealive50;behsiu
Artificionados;behsiu
LimpFroyo;behsiu
ProfessorGPT-4;behsiu
LeetBoxx;behsiu
lucasandre4931;behsiu
CrossTR15_YT;behsiu
OldHobbitsDieHard;behsiu
Aglavra;behsiu
AntiqueAd2133;behsiu
CapaneusPrime;behsiu
Artificionados;behsiu
thi_js;behsiu
tobias_mueller;behsiu
Kingasa3;behsiu
Philipp;BerkerTaskiran
FlacoVerde;BetterProphet5585
Philipp;BGFlyingToaster
AutoModerator;biffures
Previous-Present-639;biffures
wolfstaa;biffures
sometechloser;biffures
NavidRaz;biffures
Walrus-Amazing;biffures
TacticaLuck;biffures
_So_Damn_Ugly;biffures
dxbexn;biffures
guillehefe;biffures
Anise121;biffures
spinozasrobot;biffures
Soibi0gn;biffures
Silly_Awareness8207;biffures
AllEndsAreAnds;biffures
TommyVe;biffures
diverareyouok;biffures
MowLiao;biffures
behsiu;biffures
Open_Poet1970;biffures
Chatbotfriends;biffures
LOGSLAUG;biffures
International_Ad5667;biffures
Janus_The_Great;biffures
BeeNo3492;biffures
gellenburg;biffures
bowlingfries;biffures
PulpHouseHorror;biffures
Master_Liberaster;biffures
MakeAnEntrance;biffures
ValentinaCrypto;biffures
Vulcan722;biffures
ksldnl;biffures
TurboOwlKing;Big-Fig-8125
chairmankim007;bill_gates_lover
raxrb;Bitter__Physics
turpin23;Blackmagikfuckery
alexiuss;BlackSheepRebellion
18441601;BLINDED0401
Serious_Resource8191;Bling-Crosby
AutoModerator;BluBoi236
behsiu;BluBoi236
Telsak;BluBoi236
Telsak;BluBoi236
Riegel_Haribo;BluBoi236
rick_potvin66;BluBoi236
EternalNY1;BluBoi236
BobRobot77;blueboy664
151N;Bluetrain_
BurningPage;BobbyVlod
anotherfakeloginname;BobbyVlod
Entire_Ad_3039;Boloar
raxrb;bombafarao
151N;bono_my_tires
mi_throwaway3;Boostlagg
Rakashua;Boostlagg
Rice_Cream_Sandwich;Boostlagg
teachersecret;Bootygiuliani420
18441601;boronara
OldHobbitsDieHard;bortlip
AutoModerator;brandonennz
123ihavetogoweeeeee;brandonennz
behsiu;brandonennz
West_Layer9364;brandonennz
West_Layer9364;brandonennz
West_Layer9364;brandonennz
bitbat99;brandonennz
enkae7317;brandonennz
ShittyStockPicker;brandonennz
AutoModerator;Brendon7358
xingrubicon;Brendon7358
Shloomth;Brendon7358
Physical-Constant148;Brendon7358
DerGreif2;Brendon7358
Slow-Bookkeeper7486;Brendon7358
Slow-Bookkeeper7486;Brendon7358
West_Layer9364;Brendon7358
BLF402;Brendon7358
151N;Brian_Klein1708
Scenic_World;Britoz
robertjbrown;Britoz
EnsignElessar;Brymanen
i-kno-nothing;Brymanen
ahtoshkaa2;Brymanen
pyroSeven;bubbafx
azizhp;BuckwheatMechanics
Temporary-War2043;BullionStacker
EightyDollarBill;BusinessBeetle
AutoModerator;CaCtUs2003
AppleBottmBeans;CaCtUs2003
sschepis;cark
mrnoirblack;Cell-i-Zenit
haltingpoint;cerebro_a
Possible-Resource974;cerebro_a
AutoModerator;ChaiLovesParatha
Greco_bactria;ChaiLovesParatha
Initial_Egg_5370;ChaiLovesParatha
Asleep-One-6039;ChaiLovesParatha
malevolentslime;championsgamer1
Academic-Chemist-354;Chatbotfriends
Boloar;Chatbotfriends
SnooComics9407;Chatbotfriends
xeonicus;Chatbotfriends
biffures;Chatbotfriends
CrazyIvanoveich;Chatbotfriends
Jeffcor13;Chillchinchila1818
ElonMuskTheNarcisist;Chroderos
AutoModerator;chryseobacterium
behsiu;chryseobacterium
LowestKillCount;Clearlybeerly
Turbulent-Froyo7352;CleverBumble
Paradox_Dolphin;clownfeatures
CPM10v12;clownfeatures
49ers-81-84-88-89-94;clownfeatures
SunTizzu;CoherentPanda
HD_Thoreau_aweigh;CoherentPanda
AutoModerator;CombinationBusy111
behsiu;CombinationBusy111
CombinationBusy111;CombinationBusy111
SuitableCourse1660;CombinationBusy111
aryanj27;CombinationBusy111
abstract-realism;Complete-Anybody5180
hmmmmmmmmppphhhh;Complete-Anybody5180
Stone_Balled;confused_vanilla
No_Drama9757;confuzzledfather
PwnJuiceTheChef;cookie_bleacker
I_say_aye;CougarAries
Helpful_Classroom204;CougarAries
31leadwasaninsidejob;CougarAries
No_New_Friends_1999;CougarAries
No-Analyst3039;CougarAries
FalconFour;CougarAries
theperson73;CougarAries
Severe_Dragonfruit;CougarAries
EnvironmentalWall987;CougarAries
ContributionMoist131;CougarAries
TowerOfBabblingOn;CougarAries
FrostyDwarf24;CougarAries
altered_state;CougarAries
ArtemonBruno;CougarAries
wellarmedsheep;craelio8376
r3b3l-tech;Cranky-old-person
doringliloshin;Crazy-Space5384
raxrb;createdbyClyde
ThisUserIsAFailure;crooked-v
lucasandre4931;CrossTR15_YT
Doomsday_Holiday;crypto-moonshots
Nyxtia;crypto-moonshots
EC_Bramble;CulturedNiichan
Empero6;CulturedNiichan
TalMaheRah;CulturedNiichan
AutoModerator;CulturedNiichan
the_bollo;CulturedNiichan
Landeyda;CulturedNiichan
None;CulturedNiichan
SlightLogic;CulturedNiichan
Landeyda;CulturedNiichan
rollerlez;CulturedNiichan
BobbyVlod;CulturedNiichan
kingzeta;CulturedNiichan
fronchfrays;CulturedNiichan
3SquirrelsinaCoat;CulturedNiichan
EternalNY1;CulturedNiichan
behsiu;CulturedNiichan
l0ve11ie;CulturedNiichan
Elcor_Hamlet;CulturedNiichan
mddnaa;CulturedNiichan
ponyo_impact;CulturedNiichan
JonnyB2_YouAre1;CulturedNiichan
Barinitall;CulturedNiichan
SlightLogic;CulturedNiichan
SatoriAnkh;CulturedNiichan
No_Rent4747;CulturedNiichan
No_Rent4747;CulturedNiichan
Affectionate-Fuel-26;CulturedNiichan
malevolentslime;CulturedNiichan
lightgiver;CulturedNiichan
Epic1024;CulturedNiichan
discipleofdisaster;CulturedNiichan
Bling-Crosby;CulturedNiichan
pale_splicer;CulturedNiichan
Prsue;CulturedNiichan
TalkaboutJoudy;CulturedNiichan
Not_enuf_salsa;CulturedNiichan
DisasterAwareness;CulturedNiichan
Greco_bactria;CulturedNiichan
Dxmmer;CulturedNiichan
Dxmmer;CulturedNiichan
TheRealMondo;CulturedNiichan
I-am-dying-in-a-vat;CulturedNiichan
mvandemar;CulturedNiichan
sakramentas;CulturedNiichan
DubManD;CulturedNiichan
onewatt;CulturedNiichan
neonpuddles;CulturedNiichan
Collective1985;CulturedNiichan
SometimesJeck;CulturedNiichan
nicolakirwan;CulturedNiichan
Affectionate-Fuel-26;CulturedNiichan
Ippherita;CulturedNiichan
Doibugyu;CulturedNiichan
Sebastianx21;CulturedNiichan
iamrafal;CulturedNiichan
MrMagistrate;CulturedNiichan
WordWord4Digits;CulturedNiichan
orangeblackthrow;CulturedNiichan
bhison;CulturedNiichan
SquirrelShiny;CulturedNiichan
8x6grower;CulturedNiichan
DesignerChemist;CulturedNiichan
EightyDollarBill;CulturedNiichan
Joksajakune;CulturedNiichan
sam349;CulturedNiichan
mddnaa;CulturedNiichan
Joksajakune;CulturedNiichan
domthebomb2;CulturedNiichan
RevealMaleficent;CulturedNiichan
drummer820;CulturedNiichan
championsgamer1;CulturedNiichan
Imaginary_Passage431;CulturedNiichan
walnut5;CulturedNiichan
supapoopascoopa;CulturedNiichan
malevolentslime;CulturedNiichan
MisterSparkBK;CulturedNiichan
Jdonavan;CulturedNiichan
sam349;CulturedNiichan
leachja;CulturedNiichan
robertjbrown;CulturedNiichan
Quacksely;CulturedNiichan
mddnaa;CulturedNiichan
ICantBelieveItsNotEC;CulturedNiichan
CulturedNiichan;CulturedNiichan
sam349;CulturedNiichan
BusinessBeetle;CulturedNiichan
Suckmyyi;CulturedNiichan
Rich_Introduction_83;CulturedNiichan
sam349;CulturedNiichan
malevolentslime;CulturedNiichan
DidQ;CulturedNiichan
djheru;CulturedNiichan
mapsedge;CulturedNiichan
pursenboots;CulturedNiichan
Big-Fig-8125;CulturedNiichan
NostradaMart;CulturedNiichan
BurningPage;CulturedNiichan
psbanka;CulturedNiichan
rubenssm;CulturedNiichan
provo_anarchism_hive;CulturedNiichan
chordtones;CulturedNiichan
Hecantkeepgettingaw;CulturedNiichan
nolifecrossduel;CulturedNiichan
eviljelloman;CulturedNiichan
O-Mesmerine;CulturedNiichan
Infamous_Upstairs579;CulturedNiichan
obstreperouspear;CulturedNiichan
Suitable_Speed4487;CulturedNiichan
djheru;CulturedNiichan
robinfresno;CulturedNiichan
leachja;CulturedNiichan
djheru;CulturedNiichan
Laserplatypus07;CulturedNiichan
Lyft8;CulturedNiichan
rollerlez;CulturedNiichan
shittyshushi;CulturedNiichan
Mychael612;CulturedNiichan
shittyshushi;CulturedNiichan
sausage4mash;CulturedNiichan
DoctorDeanSherlock;CulturedNiichan
bO8x;CulturedNiichan
No_Mycologist1115;CulturedNiichan
blkraptor;CulturedNiichan
picardstrikesback;CulturedNiichan
Exact-Intention-9463;CulturedNiichan
Tired_c;CulturedNiichan
wrong_assumption;CulturedNiichan
TheAIpocalypseIsHere;CulturedNiichan
Winturlove;CulturedNiichan
whatCRYPTOisNEXT;CulturedNiichan
esotsm54;CulturedNiichan
Weekly-Helicopter-91;CulturedNiichan
totterdownanian;CulturedNiichan
Alone_Wolverine2269;CulturedNiichan
HypokeimenonEshaton;CulturedNiichan
International-Bus-56;CulturedNiichan
Floki47;CulturedNiichan
RepresentativeNo2803;CulturedNiichan
MULTIVERSISM;CulturedNiichan
pukhalapuka;CulturedNiichan
MULTIVERSISM;CulturedNiichan
Mahgozar;CulturedNiichan
Alternative-Ninja-50;CulturedNiichan
emptynight8;CulturedNiichan
Tough_Register_3340;CulturedNiichan
dtutubalin;CulturedNiichan
interrogumption;CulturedNiichan
Vachie_;CulturedNiichan
throwaway_00147;CulturedNiichan
Joe1722;CulturedNiichan
YeshkinKotspy;CulturedNiichan
YeshkinKotspy;CulturedNiichan
Tim_Allosaurus;CulturedNiichan
Tim_Allosaurus;CulturedNiichan
woke_party;CulturedNiichan
PermafrostPerforated;CulturedNiichan
starangeles;CulturedNiichan
Super-Ad-8233;CulturedNiichan
JRM101971;CulturedNiichan
Shloomth;CulturedNiichan
jetpoke;CulturedNiichan
thewhitecascade;CulturedNiichan
EnricoEvening;CulturedNiichan
jahoosawa;CulturedNiichan
yahwehs_throwaway;CulturedNiichan
AutoModerator;curious_zombie_
FuturePerfectCynagog;curious_zombie_
extracensorypower;curious_zombie_
MemesMafia;curious_zombie_
Open_Poet1970;curious_zombie_
CerealAhoy;curious_zombie_
Bartax67;curious_zombie_
Previous-Present-639;curious_zombie_
BoopyKiki;curious_zombie_
MarioVX;currentscurrents
Sad-Ad-4391;cutienoobie
PwnJuiceTheChef;cutienoobie
johnny7668;cutienoobie
AutoModerator;d4rkc4sm
behsiu;d4rkc4sm
BluthBerryFarms;d4rkc4sm
CCWBee;d4rkc4sm
TigerWoodsLibido;Daboss351
hajaannus;Daboss351
clownfeatures;Daboss351
AutoModerator;Dakroh_88
Sad-Camera3429;dangercat415
SneakerPimpJesus;dangercat415
alexiuss;dangercat415
MotionTwelveBeeSix;dangercat415
Turbulent-Froyo7352;DannySmashUp
Grandmastersexsay69;DARKPYRO58
0re5ama;DataPhreak
crabbman6;Daveallen10
raxrb;dcc_1
AutoModerator;Deail
johnceener;Deail
activatore;Deail
Loki--Laufeyson;Deail
Most_Worldliness9761;Deail
uspmm2;Deail
InsufferableHaunt;Deail
LocksmithPleasant814;DeathCeaser101
oodelay;DeleteMetaInf
MZuc;DerSpini
EightyDollarBill;DesignerChemist
Bootygiuliani420;DetailNo9969
maxstronge;DetailNo9969
mig_le_na;dfreinc
AnOnlineHandle;DiaMat2040
Seeker_Of_Knowledge-;DiaMat2040
valvilis;DiaMat2040
LMotACT;DIBSSB
Joshua_Pimax;Dilettante-Dave
bee14ish;Dilettante-Dave
saintshing;Dilettante-Dave
tussockypanic;dimsumham
argidev;DisappointedLily
apluskale;DisasterAwareness
reap_aerial;DisasterAwareness
iguessnomore;DisasterAwareness
Jeffy29;DiscordAccordion
Vaeon;DiscordAccordion
raxrb;DizzMaCity
AutoModerator;DizzyXCD
Crazy-Space5384;DizzyXCD
Ok_Leadership2518;DizzyXCD
behsiu;DizzyXCD
#NAZWA?;DizzyXCD
FluffyDragonHeads;DizzyXCD
ThisUserIsAFailure;DizzyXCD
Impressive_Ad2082;DizzyXCD
malevolentslime;djheru
Fit-Meet1359;dllimport
R33v3n;dllimport
Sweg_lel;DntCareBears
Riegel_Haribo;docchrizly
animefreak701139;DoctorDeanSherlock
sgramstrup;dolefulAlchemist
Its0nlyRocketScience;Donkeytonkers
SillyFlyGuy;Donkeytonkers
Painterly_Vertex;Donkeytonkers
made-of-questions;Donkeytonkers
151N;DontPoopIfUCantScoop
Crazy-Space5384;doringliloshin
hanzoplsswitch;Douglas12dsd
raxrb;DowntownTangerine132
Normal-Flower4437;DownvotesInbound
monkeywithtwospoons;DownvotesInbound
YourFavoriteScumbag;DownvotesInbound
johnbburg;DownvotesInbound
The_Lovely_Blue_Faux;DownvotesInbound
jennybunbuns;DownvotesInbound
smatty_123;DownvotesInbound
AlbertShamus;DownvotesInbound
RemindMeBot;Drew707
HealthPuzzleheaded;Drew707
gacode2;Drew707
LonelyInitiative4526;drlongtrl
raxrb;DropShipIO
jointheredditarmy;Drpoofn
sometechloser;Drpoofn
TheChaos7777;drthip4peace
SnooSprouts1512;Dsrtfsh
wasmachien;dubesor86
h3lblad3;dubesor86
couldof_used_couldve;dulipat
x52x;dulipat
mjk1093;dulipat
The-Rice-Boi;DummyThiccToga
AutoModerator;DwaywelayTOP
zhoushmoe;DwaywelayTOP
overtimeout;DwaywelayTOP
27and26;DwaywelayTOP
RaggedyAndromeda;DwaywelayTOP
EnsignElessar;DwaywelayTOP
Professional-Duck964;DwaywelayTOP
ClassicBeach9498;DwaywelayTOP
JAJM_;DwaywelayTOP
esp211;DwaywelayTOP
ackbobthedead;DwaywelayTOP
Ian_Titor;DwaywelayTOP
nintrader;DwaywelayTOP
critic2029;DwaywelayTOP
Abusive_Capybara;Dxmmer
CulturedNiichan;Dxmmer
AutoModerator;Dysmal_Cientist
TransportationNew885;dziactor
ryanassaker;dziactor
FireTriad;dziactor
BuckwheatMechanics;EducationalStranger7
xebeka6808;EightyDollarBill
The_Purfected_Shot;EightyDollarBill
walnut5;EightyDollarBill
abstract-realism;elflyfreely
AutoModerator;Eltestro
letmeseem;Emergency_Ad6412
AutoModerator;emotionalfool123
EnsignElessar;emotionalfool123
iamnotaspy_either;emotionalfool123
Space4Time;emotionalfool123
erics75218;emotionalfool123
VigilStudios;emotionalfool123
Jeffy29;emotionalfool123
kunjinn;emotionalfool123
ImaKant;emotionalfool123
behsiu;emotionalfool123
emotionalfool123;emotionalfool123
Shloomth;emotionalfool123
Embracethesuck79;emotionalfool123
secretspystuff007;emotionalfool123
optiongeek;emotionalfool123
PowerHungryGandhi;emotionalfool123
quantumgpt;emotionalfool123
BoopyKiki;emotionalfool123
coolmrschill;emotionalfool123
Badhackks;emotionalfool123
JVM_;emotionalfool123
fishintheboat;emotionalfool123
Brymanen;EnsignElessar
MachineOmen;EnsignElessar
fancyhumanxd;EnsignElessar
Affectionate-Fuel-26;Epic1024
AutoModerator;Epidexipteryz
AutoModerator;Epidexipteryz
behsiu;Epidexipteryz
darckweeb;Epidexipteryz
nlight;Epidexipteryz
West_Layer9364;Epidexipteryz
LagSlug;equanimity120398
The_Blur_Of_Blue;equanimity120398
GreasyExamination;erics75218
AutoModerator;EternalNY1
behsiu;EternalNY1
NoClueWhyIm-_-;EternalNY1
PwnJuiceTheChef;Ev3nstarr
AutoModerator;ezsou
behsiu;ezsou
raxrb;faceman_21
miko_top_bloke;Faintly_glowing_fish
Reddit_Ghost2021;Fake_William_Shatner
CougarAries;FalconFour
DerGreif2;fancyhumanxd
Barinitall;Fantastic_Solution68
raxrb;Far-Importance4437
saoiray;FatA320
DerSpini;felheartx
AutoModerator;FelSpace
AquaRegia;FelSpace
felheartx;FelSpace
dulipat;FelSpace
Cheese_B0t;FelSpace
LocksmithPleasant814;FelSpace
behsiu;FelSpace
yellowlotusx;FelSpace
Turbulent-Froyo7352;Final_Personality281
The-Rice-Boi;Fine_Butterfly216
Riegel_Haribo;FishToaster
davidb88;FishToaster
_alright_then_;Fl333r
AutoModerator;FlavorbotAI
behsiu;FlavorbotAI
sleepnaught88;fleegle2000
apathetic_fox;fleegle2000
zulu_candles;fleegle2000
PutridAppointment69;fleegle2000
johnnyblaze1999;fleegle2000
OvertlyStoic;Flesh-Tower
homeownur;flipitninja
BuckwheatMechanics;flipitninja
Xxyz260;Flowinmymind
kingscolor;Flowinmymind
MinimalismForThee;Flowinmymind
Turbulent-Froyo7352;FluffyDragonHeads
thavi;FluffyDragonHeads
GreyMediaGuy;FluffyDragonHeads
vad_er13;FluffyDragonHeads
Psychological-Ad1137;FluffyDragonHeads
r_slash;FluffyDragonHeads
Date_Snape;FluffyDragonHeads
Wash_Your_Bed_Sheets;FluffyDragonHeads
De1tade;FluffyDragonHeads
oDepv;FluffyDragonHeads
ObiWanCanShowMe;FluffyDragonHeads
trailjunkee;FluffyDragonHeads
simocm11;FluffyDragonHeads
VastComplaint8638;FluffyDragonHeads
AutoModerator;forensicdude
MULTIVERSISM;freethefoolish
Sad_Animal_134;Frequent_Beat4527
theinstasoda;Frequent-Draft-2477
151N;Fresh-Ad6956
gretch123;Fresh-Ad6956
Affectionate-Fuel-26;fronchfrays
Norfuer;fronchfrays
Turbulent-Froyo7352;FunkieStylin
Suspicious-Box-;FunkieStylin
EnsignElessar;FunkieStylin
ungoogleable;FunkieStylin
weirdlybeardy;FunkieStylin
Turbulent-Froyo7352;FuturePerfectCynagog
throwawayreddit6565;Fuzzy-Cupcake-2827
AutoModerator;G320P
Philipp;gabchile
WheresTheEggsAt;garden-ninja
lapse23;gauntletcat
GrowFreeFood;gauntletcat
AutoModerator;gax8627
latigidigital;gax8627
TheChaos7777;gax8627
barrycarter;gax8627
jessedelanorte;gax8627
RichieNRich;gax8627
oboshoe;gax8627
Darknast;gax8627
heatlesssun;gax8627
Greydox;gax8627
Outrageous_Cow_1053;gax8627
behsiu;gax8627
Sup_Chief;gax8627
BeginningNectarine4;gax8627
Few-Examination5561;gax8627
carreraella;gax8627
Iliketodriveboobs;gax8627
IMovedYourCheese;gax8627
Backpackevelyn;gax8627
WhereTheyGol;gax8627
SirFantastic3863;gellenburg
Otherwise-Mango2732;gj80
AutoModerator;Gmaster_64
slackmaster2k;gname6
AlesiFreelance;gname6
tamaleconjurer;godel32
ImaMakeThisWork;GodsPeepeeMilker
Environmental-Zone-4;GodsPeepeeMilker
Entire_Ad_3039;GodsPeepeeMilker
raxrb;gonzowildwood
AutoModerator;gooberrygumdrops
AutoModerator;gooberrygumdrops
behsiu;gooberrygumdrops
Greco_bactria;gooberrygumdrops
Greco_bactria;gooberrygumdrops
Typical_Strategy6382;gooberrygumdrops
Typical_Strategy6382;gooberrygumdrops
DARKPYRO58;Grandmastersexsay69
troyboltonislife;Grandmastersexsay69
Good_Profession_7615;GreasyExamination
_So_Damn_Ugly;GreasyExamination
DefinitelyNotMicah;GreasyExamination
thel42;GreasyExamination
The-Rice-Boi;Greco_bactria
ChaiLovesParatha;Greco_bactria
Hawaiiom;Greco_bactria
gooberrygumdrops;Greco_bactria
TheLisan-al-Gaib;Greco_bactria
ShotgunJed;GreenLurka
medusla;GreenLurka
nonotagainagain;Greydox
AutoModerator;Greyfish918
Lemnisc8__;Greyfish918
dziactor;Greyfish918
BasketballAndPorn;Greyfish918
dterek10;Greyfish918
tumeketutu;Greyfish918
LemonFX;Greyfish918
tlver;Greyfish918
gvjygbjggggg;Greyfish918
susosusosuso;Greyfish918
Kihulane;Greyfish918
charismaticeggman;Greyfish918
behsiu;Greyfish918
DIBSSB;Greyfish918
MrRamoss;Greyfish918
KpopAndThings;Greyfish918
anotherfakeloginname;Greyfish918
ApprehensiveAd8691;Greyfish918
FabulousJs;Greyfish918
Greyfish918;Greyfish918
imaginexus;Greyfish918
thelord006;Greyfish918
BasketballAndPorn;Greyfish918
bargeprathamesh;Greyfish918
Federal_Ad_3507;Greyfish918
Odd_Tackle_6576;Greyfish918
throwaway129655;Greyfish918
Dsrtfsh;Greyfish918
roshanpr;Greyfish918
leothunder420_;Greyfish918
BoopyKiki;Greyfish918
mrpaw69;Greyfish918
verticalplanes;Greyfish918
justus4_20;Greyfish918
Silver_Dragonfruit18;Greyfish918
almost_chance;Greyfish918
KameloYT;Greyfish918
oldcowbo;Greyfish918
SimisFul;Greyfish918
scratt007;Greyfish918
MrPinkSheet;Greyfish918
PulpHouseHorror;Greyfish918
elmachow;Greyfish918
Megadog3;GreyMediaGuy
canmoose;GrumpyBearBank
Old_Release_6311;grumpybutters
MhaloTov;grumpybutters
WheelerDan;grumpybutters
Emerald_Guy123;grumpybutters
FlanOfAttack;grumpybutters
TheKalkiyana;grumpybutters
6double;grumpybutters
Available_Let_1785;grumpybutters
polynomials;grumpybutters
BSPLCS;grumpybutters
Kasenom;grumpybutters
talondarkx;grumpybutters
MuddyFinish;grumpybutters
bluebird-1515;grumpybutters
Nice-Common4117;grumpybutters
imagination_machine;grumpybutters
awosie;grumpybutters
Orolol;grumpybutters
nayeh;grumpybutters
princess-sturdy-tail;grumpybutters
RileyLearns;grumpybutters
twim19;grumpybutters
StrangeCalibur;grumpybutters
at_least_ill_learn;grumpybutters
Turbulent-Froyo7352;guardianiron4829
Dycoth;GuardianOfReason
Mikarim;GuardianOfReason
thi_js;Guest_Basic
temisola1;h3lblad3
Nailo2017;hajaannus
wellarmedsheep;hajaannus
Paradox_Dolphin;hajaannus
Daboss351;hajaannus
Stone_Balled;Ham_bones
Douglas12dsd;hanzoplsswitch
None;hapliniste
Nofu68;happychapsteve
Imaginary_Passage431;HappyHappyButts
mapsedge;HappyHappyButts
theaveragemillenial;HarbingerOfWhatComes
Sweg_lel;HarbingerOfWhatComes
SquirrelShiny;Hawaiiom
Jdonavan;Hawaiiom
Greco_bactria;Hawaiiom
Drew707;HealthPuzzleheaded
slowslownotbad;Helpful_Classroom204
CrazsomeLizard;Helpful_Classroom204
Qorsair;Heya_Andy
Vontaxis;hmmmmmmmmppphhhh
gophercuresself;HOLUPREDICTIONS
Linore_;homeownur
HateYouKillYou;Hunky_not_Chunky
kwo9gAtCXCQkeGfrpjGf;I_say_aye
Lavio00;I_say_aye
LocksmithPleasant814;I_say_aye
Its0nlyRocketScience;iamnotaspy_either
CreepyIndependence45;Ian_Titor
AutoModerator;iasad12
Boostlagg;iasad12
grumpybutters;iasad12
behsiu;iasad12
tigerjam1999;iasad12
Zulfiqaar;iasad12
Putrumpador;iasad12
kaitou4u;iasad12
Virtual-Caregiver232;iasad12
liaisontosuccess;iasad12
maskedpaki;iasad12
Shloomth;iasad12
FatA320;iasad12
derailedthoughts;iasad12
Void-termina1111;iasad12
oboshoe;iasad12
thegoodstranger415;iasad12
Lepton58;iasad12
13Robson;iasad12
Moukatelmo;iasad12
KeyDif;iasad12
Spreadicus_Ttv;iasad12
caterpillardenturess;iasad12
Frozenator;iasad12
ROEN1N;iasad12
AgreeableJello6644;iasad12
Legitimate-Demand-62;iasad12
Cray0la311;iasad12
xtrfyz0;iasad12
RustyShuttle;iasad12
rocketpianoman;iasad12
JapanEngineer;iasad12
Vachie_;iasad12
dontlikeourchances;iasad12
Imateacherlol;iasad12
ConfusionOk4129;iasad12
ConfusionOk4129;iasad12
MentallyRetardSloth;iasad12
velvet-overground2;iasad12
minertyler100;iasad12
LOGSLAUG;iasad12
yeet-im-bored;ICantBelieveItsNotEC
AlephMartian;ICantBelieveItsNotEC
AutoModerator;ideas_now
AutoModerator;ideas_now
AlphaOrderedEntropy;Ididnttrythisyet
thinkfire;Ididnttrythisyet
raxrb;Ididnttrythisyet
chrispythegull;idk-just-something
AutoModerator;-I-Dont-Use-Reddit--
LouisvillePharmacist;-I-Dont-Use-Reddit--
Kelemandzaro;IFailedTuringTestAMA
Redcrux;IFailedTuringTestAMA
malevolentslime;IFailedTuringTestAMA
151N;ihateyoustrongly
johnnyblaze1999;ihateyoustrongly
kiloka7542;iiIScornIii
gmotelet;i-kno-nothing
Long_Educational;i-kno-nothing
spamcandriver;ILikeMagicz
SlightTurn;Ill_Ant_1857
4-ho-bert;Ill-Translator-3742
slipps_;illusionst
SharkOnGames;illusionst
rastilin;Ilovegrapesys
FoldedDice;Ilovegrapesys
AdRepresentative2263;ILoveRillaboom
Schmorbly;ILoveRillaboom
SlightLogic;ILoveRillaboom
DannyG16;Imaginary_Lemon8847
the_bollo;Imaginary_Lemon8847
tehrob;Imaginary_Lemon8847
HappyHappyButts;Imaginary_Passage431
MZuc;imagination_machine
Substantial_Word_356;ImaKant
uxjw;ImMrtaL
tigerjam1999;ImprovementOdd1122
Chrellies;Imunoglobulin
polynomials;in_n_out_sucks
Turbulent-Froyo7352;IndigoBubblegum
WithoutReason1729;InfoOnAI
151N;InfoOnAI
craelio8376;Informal_Calendar_99
oi-troi-oi;Informal_Calendar_99
WhyNotCollegeBoard;InNotOf
Pupsi42069;InPlainRice
Philosofticle;InsufferableHaunt
hemareddit;intrepidnonce
Chroderos;IrrationalID_12
Icy_Man_5446;IrrationalID_12
DisasterAwareness;IrrationalID_12
RobertG_de;IrrationalID_12
johnnyblaze1999;ishootdawgs4fun
ShotgunProxy;ISlapDeath4Fun
Frequent-Draft-2477;its_a_gibibyte
bortlip;its_a_gibibyte
SorakaWithAids;its_a_gibibyte
gname6;its_a_gibibyte
malteml;its_a_gibibyte
Aurelius_Red;Its0nlyRocketScience
Seinu-Actual;Its0nlyRocketScience
trojan25nz;Its0nlyRocketScience
KeyDif;Its0nlyRocketScience
Montykoro;J1mN4st1c
prism1020;jackrack1721
gatorblade94;jackrack1721
WhyNotCollegeBoard;jaseisondacase
ShittyStockPicker;Jazzun
Liquidretro;Jazzun
XB0XYGEN;Jazzun
strawbennyjam;Jazzun
Matricidean;Jazzun
LawofRa;Jazzun
MrCW64;Jazzun
EverybodyShitsNFT;Jazzun
in_n_out_sucks;Jazzun
master-fixer;JD4Destruction
Hawaiiom;Jdonavan
CulturedNiichan;Jdonavan
Born100YearsTooSoon;Jdonavan
1FtMenace;Jdonavan
MachineOmen;Jeffcor13
Chillchinchila1818;Jeffcor13
PandaBoyWonder;Jeffcor13
fgerber72;Jeffcor13
Turbulent-Froyo7352;Jeffcor13
ShotgunProxy;jeffwadsworth
PwnJuiceTheChef;Jeffy29
The-Rice-Boi;jerzy4
Frumpagumpus;jessedelanorte
MZuc;jigsaw-saint
Turbulent-Froyo7352;jmona789
anythingMuchShorter;JoeBucklington
ShotgunProxy;John_val
Zulfiqaar;John_val
WithoutReason1729;johnbburg
Ph00k4;JohnMarkSifter
Walking-HR-Violation;JohnMarkSifter
CulturedNiichan;Joksajakune
AutoModerator;JonSnowSeesYou
behsiu;JonSnowSeesYou
raxrb;jrm3061
AutoModerator;jspike91
behsiu;jspike91
Ok_Faithlessness4197;jspike91
thi_js;JT_Potato
mimavox;kaitou4u
Zachary_Lee_Antle;kaitou4u
240pixels;kaitou4u
sirhandstylepenzalot;kaitou4u
jackrack1721;KarlHungus311
rdf-;KarlHungus311
oswaldcopperpot;katatondzsentri
jfk_sfa;Ken_from_Barbie
OvertlyStoic;kennykoe
kylegoldenrose;kiloka7542
TransRational;kiloka7542
qualitybatmeat;Kind_Somewhere2993
EvaderDX;Kind_Somewhere2993
AutoModerator;Kingasa3
behsiu;Kingasa3
mddnaa;kingzeta
SquadPoopy;kingzeta
l0ve11ie;kingzeta
malevolentslime;kingzeta
Bling-Crosby;kingzeta
maskedwallaby;kingzeta
Turbulent-Froyo7352;kitesurfr
Boloar;Kithslayer
762jeremy;komoro
None;komoro
CelebrationMassive87;komoro
PM-me-sciencefacts;komoro
DesignerChemist;l0ve11ie
mvandemar;l0ve11ie
VirginRumAndCoke;l0ve11ie
Hamsammichd;l0ve11ie
Zestybeef10;l0ve11ie
Jazzlike_Judgment877;l0ve11ie
MalandiBastos;laboufe
alexisatk;laglory
_the_CacKaLacKy_Kid_;LagSlug
goats4all777;LagSlug
masterchip27;LagSlug
AlbertShamus;LagSlug
Old_Release_6311;LagSlug
Blackmagikfuckery;Landeyda
CulturedNiichan;Landeyda
realmrmaxwell;Landeyda
firecz;Landeyda
rollerlez;Landeyda
minertyler100;lapse23
mapsedge;Laserplatypus07
The-Rice-Boi;lateralhazards
None;lateralhazards
These_Adeptness8708;lateralhazards
enkae7317;latigidigital
vicky_emuk;LayLowMoesDavid
Alyx_Travel;LayLowMoesDavid
mapsedge;leachja
Pristine_Progress_48;Lemnisc8__
miko_top_bloke;Lemnisc8__
Martineski;LemonFX
herb_stoledo;LemonFX
AutoModerator;LimpFroyo
AutoModerator;LimpFroyo
behsiu;LimpFroyo
Telsak;LimpFroyo
WithoutReason1729;LimpFroyo
WithoutReason1729;Linore_
AutoModerator;linuxusr
TheBlackScorpionTail;linuxusr
RememberMortality;linuxusr
Ok_Faithlessness4197;linuxusr
AutoModerator;llamazaresj
dubesor86;llamazaresj
discipleofdisaster;llamazaresj
BoopyKiki;llamazaresj
Yuvalk1;llamazaresj
RichieNRich;llamazaresj
AutoModerator;lobotomy42
Riegel_Haribo;lobotomy42
Riegel_Haribo;lobotomy42
240pixels;LocksmithNo9994
manza5012;LocksmithPleasant814
biffures;LOGSLAUG
manza5012;LOGSLAUG
Linore_;LOGSLAUG
tuseroni;LOGSLAUG
None;Loki--Laufeyson
GammaGargoyle;lololoolollolololol
Apprehensive_Bad_818;lololoolollolololol
RemindMeBot;Loomingmountain
PwnJuiceTheChef;lordfrost03
Wack0Wizard;lost-mars
ChooseWiselyTheName;lost-mars
RepresentativeFood11;lost-mars
Relevant_Monstrosity;lost-mars
MaterialLogical1682;LoudTsu
JVM_;LoudTsu
AutoModerator;LouisvillePharmacist
rick_potvin66;LouisvillePharmacist
ArtemonBruno;LOX_lover
7of10-Flat;LTxDANxICEcream
AutoModerator;lucasandre4931
behsiu;lucasandre4931
nolifecrossduel;lucasandre4931
nolifecrossduel;lucasandre4931
crypto-moonshots;lucasandre4931
ThisUserIsAFailure;lucasandre4931
therealdivs1210;lugh111
darkner;Lukimcsod
raxrb;MacAndCheezyBeezy
mig_le_na;MachineOmen
tranqfx;MachineOmen
Donkeytonkers;made-of-questions
AutoModerator;MagicJinn
cs-John;MagicJinn
The-Rice-Boi;MahavidyasMahakali
EnvironmentalWall987;malevolentslime
Crum24;malevolentslime
WellThisSix;malevolentslime
Vibr8gKiwi;malevolentslime
championsgamer1;malevolentslime
h3lblad3;manamonggod
moonaim;manamonggod
MZuc;MandSlim
JenzingTV;mangopanic
Grandmastersexsay69;mangopanic
robertjbrown;mangopanic
151N;ManufacturerThis2673
animefreak701139;mapsedge
leachja;mapsedge
Laserplatypus07;mapsedge
PwnJuiceTheChef;Mardicus
LagSlug;masterchip27
JD4Destruction;master-fixer
keira2022;master-fixer
LoudTsu;MaterialLogical1682
The-Rice-Boi;MattSpokeLoud
AutoModerator;MattYou1993
MattYou1993;MattYou1993
behsiu;MattYou1993
JuniorLobster;MattYou1993
AutoModerator;maxchris
maxchris;maxchris
behsiu;maxchris
__keanu;maxstronge
Snoo70047;maxstronge
m0nkeypantz;mayerbrown
Tell2ko;mazuxxx
Vibr8gKiwi;mddnaa
LayLowMoesDavid;MealoTeam
AutoModerator;MeaningCommercial402
solohack3r;MeaningCommercial402
dllimport;MeaningCommercial402
Chattyb0t4;MeaningCommercial402
mudman13;MeaningCommercial402
gellenburg;MeaningCommercial402
pdxherbalist;MeaningCommercial402
drthip4peace;MeaningCommercial402
LocksmithPleasant814;MeaningCommercial402
Theblobsnark;MeaningCommercial402
FuturePerfectCynagog;MeaningCommercial402
Mysterious-Fudge528;MeaningCommercial402
dolefulAlchemist;MeaningCommercial402
MrRamoss;MeaningCommercial402
Skivvy;medusla
GreenLurka;medusla
AutoModerator;meinschlemm
behsiu;meinschlemm
kodiak931156;mekdigital
bortlip;melifaro_hs
creativeuser0001;melifaro_hs
Old_Release_6311;melifaro_hs
curious_zombie_;MemesMafia
The_Tequila_Monster;memy02
Jason1143;menxiaoyong
Mr12i;MhaloTov
SuddenDragonfly8125;MhaloTov
Cowguypig2;mi_throwaway3
AutoModerator;mig_le_na
Jeffcor13;mig_le_na
LoudTsu;mig_le_na
dfreinc;mig_le_na
Viendictive;mig_le_na
Fake_William_Shatner;mig_le_na
babbagoo;mig_le_na
Ohigetjokes;mig_le_na
dulipat;mig_le_na
behsiu;mig_le_na
spinozasrobot;mig_le_na
AutoModerator;mig_le_na
greyman;mig_le_na
Ace_of_spades89;mig_le_na
StackTrace5000;mig_le_na
MealoTeam;mig_le_na
benderzone;mig_le_na
Faintly_glowing_fish;miko_top_bloke
Grilledcheesus96;miko_top_bloke
Dironiil;mimavox
lapse23;minertyler100
ken54g2a;minertyler100
cl_ss_c;modest_oaf
Dynamos_;monkeywithtwospoons
AlbertShamus;monkeywithtwospoons
Philipp;Montykoro
joyofsovietcooking;Montykoro
J1mN4st1c;Montykoro
JohnMarkSifter;moog500_nz
abstract-realism;moog500_nz
PacmanIncarnate;moog500_nz
yungdamo2020;MormonReformist
thpineapples;Morphnoob
MotionTwelveBeeSix;MortalTwit
Ornery_Watercress_43;MortalTwit
The-Rice-Boi;MotionTwelveBeeSix
Frandom314;MotionTwelveBeeSix
dangercat415;MotionTwelveBeeSix
blawndosaursrex;MotionTwelveBeeSix
Ornery_Watercress_43;MotionTwelveBeeSix
Iamreason;MotionTwelveBeeSix
Ok_Associate845;MotionTwelveBeeSix
Asks_For_Sources;MotionTwelveBeeSix
Unknownhamlyn;MotionTwelveBeeSix
MortalTwit;MotionTwelveBeeSix
SlaimeLannister;MotionTwelveBeeSix
TheRedmanCometh;MotionTwelveBeeSix
EETQuestions;MotionTwelveBeeSix
SgtSavage1106;MotionTwelveBeeSix
Turbulent-Froyo7352;Motor_System_6171
The_Lovely_Blue_Faux;Mr_RedHerring
gauntletcat;Mr_unProfessionalism
raxrb;mr3LiON
CaptainTortillas_;mr3LiON
AutoModerator;mrGibs_
WithoutReason1729;mrGibs_
Baumbrot;mrGibs_
Philipp;MrHaphazard1
CulturedNiichan;MrMagistrate
MZuc;mrnoirblack
theTimmyY;mrnoirblack
Cell-i-Zenit;mrnoirblack
The-Rice-Boi;MrYellowfield
ForeignAdagio9169;mvandemar
ShotgunProxy;MxMaster9907
AutoModerator;MZuc
MZuc;MZuc
BeautifulType;MZuc
illusionst;MZuc
Drew707;MZuc
abigmisunderstanding;MZuc
shadow_wolfwinds;MZuc
Complex-Thought7848;MZuc
modest_oaf;MZuc
AlexBeeNichols;MZuc
abstract-realism;MZuc
blackholemonkey;MZuc
WithoutReason1729;MZuc
intrinsicatharsis;MZuc
Drew707;MZuc
AggravatingDriver559;MZuc
SharkOnGames;MZuc
Norfuer;MZuc
MZuc;MZuc
TheOriginalSamBell;MZuc
imagination_machine;MZuc
teosocrates;MZuc
Magikarpeles;MZuc
DeathGPT;MZuc
Walking-HR-Violation;MZuc
moog500_nz;MZuc
behsiu;MZuc
HealthPuzzleheaded;MZuc
Ryselle;MZuc
Ill-Translator-3742;MZuc
saint_zeze;MZuc
siziono;MZuc
jigsaw-saint;MZuc
WithoutReason1729;MZuc
InPlainRice;MZuc
mrnoirblack;MZuc
mrnoirblack;MZuc
WithoutReason1729;MZuc
flipitninja;MZuc
ToneDef__;MZuc
DerSpini;MZuc
DerSpini;MZuc
DerSpini;MZuc
0x2e2e2fetc2fpasswd;MZuc
PacmanIncarnate;MZuc
jage9;MZuc
North_Resolve_4784;MZuc
GrapefruitCurrent345;MZuc
ExoticCardiologist46;MZuc
Imunoglobulin;MZuc
jigsaw-saint;MZuc
hillsofzomia;MZuc
xTruegloryx;MZuc
International-Belt13;MZuc
daaaaaaaaamndaniel;MZuc
VirusZer0;MZuc
DistortedReality5123;MZuc
Floopycraft;MZuc
ROBNOB9X;MZuc
Ill-Chair-8202;MZuc
Ramuh321;MZuc
reddituser_123;MZuc
Strange_Belt_4112;MZuc
ten_jack_russels;MZuc
ElGeeQue;MZuc
WindyMiller2006;MZuc
redpick;MZuc
Ididnttrythisyet;MZuc
EducationalStranger7;MZuc
azizhp;MZuc
hasanahmad;MZuc
CB_World;MZuc
doge_trader_THANKS;MZuc
LayLowMoesDavid;MZuc
LOGSLAUG;MZuc
hugelung;MZuc
very_cultured_man;MZuc
PoliticallyCorrect-;MZuc
4-ho-bert;MZuc
xjE4644Eyc;MZuc
ForeignAdagio9169;MZuc
AccordingAd7098;MZuc
Hmunandar;MZuc
Virtual_Phone_2361;MZuc
filisterr;MZuc
Dan-Boy-Dan;MZuc
Lazy_Shelter_5134;MZuc
moog500_nz;MZuc
anon10122333;MZuc
gacode2;MZuc
Nathannywhole;MZuc
meme_slave_;MZuc
jeqele;MZuc
grumpymonk202;MZuc
suprachromat;MZuc
Jerrykimsun;MZuc
MandSlim;MZuc
shafreeck;MZuc
extrangher0;MZuc
inupe618;MZuc
demigod-Neezy03;MZuc
jbjs5820;MZuc
LLoboki;MZuc
Complete-Anybody5180;MZuc
Loganbogan9;MZuc
IbanezPGM;MZuc
theTimmyY;MZuc
theTimmyY;MZuc
daugaard47;MZuc
elflyfreely;MZuc
mjna999;MZuc
Wild_Mycologist_565;MZuc
plesdaddyno;MZuc
BakiX7;MZuc
TwizzyLee;MZuc
asasilogic;MZuc
Responsible_Yak6412;MZuc
mansteee;MZuc
Mattiandino;MZuc
DantesInferno91;MZuc
ScottLeeCOA;MZuc
tgwhite;MZuc
hasanahmad;MZuc
Unreal_777;MZuc
dick_rash;MZuc
blue-ocean-event;MZuc
elvil;MZuc
Expensive_Mistake118;MZuc
obi318;MZuc
drearyworlds;MZuc
cleanerreddit2;MZuc
ItsSofiaAva;MZuc
floerw;MZuc
D_Strucc;MZuc
alg0;MZuc
arkins26;MZuc
papinek;MZuc
malteml;MZuc
Samuel-Singularity;MZuc
xxxfooxxx;MZuc
janethesoldier;MZuc
goproai;MZuc
Happycarriage;MZuc
coldmateplus;MZuc
Impressive-Ad6400;MZuc
jadevav;MZuc
xxxfooxxx;MZuc
nimloman;MZuc
coda0415;MZuc
BoopyKiki;MZuc
Rule-of-Three;MZuc
SenpaiSeesYou;MZuc
johnwilliams815;MZuc
ExpressionCareful223;MZuc
Parking-Lake4526;MZuc
GenioCavallo;MZuc
Grand_fat_man;MZuc
fox22usa;MZuc
StoicStonedSmiling;MZuc
BusinessWeb3669;MZuc
NearMissTO;MZuc
Chatbotfriends;MZuc
Curious-Spaceman91;MZuc
setoxxx;MZuc
Reprised-role;MZuc
scrythe_;MZuc
AzJedi75;MZuc
gokaired990;MZuc
charledyu;MZuc
SharpDistribution167;MZuc
mudman13;MZuc
sgluhov;MZuc
Loomingmountain;MZuc
Toothpiq;MZuc
juliaclark;MZuc
rosetta67p;MZuc
AutoModerator;nanozeus2014
Schmorbly;nanozeus2014
UltimateWager;nanozeus2014
sirjethr0;nanozeus2014
zeronyx;Nathan_RH
zeronyx;Necessary_Echo8740
TupperwareNinja;NewMediaMogul
manamonggod;NewMediaMogul
AutoModerator;nick313
behsiu;nick313
International_Ad5667;nick313
CougarAries;niickka
Suspicious-Box-;niickka
spinozasrobot;niickka
robthefourth;niickka
hosebeats;niickka
Epidexipteryz;nlight
WithoutReason1729;nlight
CulturedNiichan;No_Mycologist1115
CulturedNiichan;No_Rent4747
Mr12i;No-Analyst3039
ShotgunProxy;NoDurian966
Cool-Adeptness915;nolifecrossduel
lucasandre4931;nolifecrossduel
raxrb;No-Mathematician2380
raxrb;No-Mathematician2380
Loki--Laufeyson;None
A_Dancing_Coder;None
George_the_Elemental;None
DJTrippyTrev;None
trvr_;None
Letsgobrandon__FJB;None
151N;None
1825days;None
WithoutReason1729;None
The-Rice-Boi;None
letmeseem;None
Image-Fickle;None
scumbagdetector15;None
__-Revan-__;None
trailjunkee;None
drgeniusalien;None
nuancednotion;None
Optane_Gaming;None
Dry_Try124;None
RampantInanity;None
Walking-HR-Violation;Norfuer
ToneDef__;Norfuer
Ramuh321;Norfuer
Angry_Submariner;Norfuer
ELITE_JordanLove;Normal-Flower4437
RCMW181;Normal-Flower4437
ZemDregon;North_Resolve_4784
ToneDef__;North_Resolve_4784
AutoModerator;not__random
TigerWoodsLibido;Not_enuf_salsa
Novel-Engineering590;Novel-Engineering590
AutoModerator;noxharsha
HarbingerOfWhatComes;noxharsha
Yhul;noxharsha
DntCareBears;noxharsha
behsiu;noxharsha
AlmightyLiam;noxharsha
BoopyKiki;noxharsha
alexisatk;noxharsha
x52x;noxharsha
vidrageon;noxharsha
Sweg_lel;noxharsha
These_Adeptness8708;nullrecord
Rollo8173;nullrecord
ThisUserIsAFailure;nullrecord
theblondepenguin;nullrecord
MULTIVERSISM;nullrecord
raxrb;odatot
AutoModerator;Odballl
EshanShekhaji;Odballl
Alarming-Loquat-7050;Odballl
OzzieDJai;Odballl
GuerrillaSteve;Odballl
negative3sigmareturn;Odballl
monkeywithtwospoons;Odballl
behsiu;Odballl
Fast-Alternative1503;Odballl
CaCtUs2003;Odballl
SnowRose09;Odballl
Greyfish918;Odd_Tackle_6576
FluffyDragonHeads;oDepv
AutoModerator;ohdarnfuck
behsiu;ohdarnfuck
nimbleTongueAspirant;Ok_Associate845
SoylentRox;Ok_Leadership2518
42Zarniwoop42;Ok_Leadership2518
StartingFresh2020;Ok_Leadership2518
151N;Ok_Mix_949
NGVHACKER;Ok_Silver_7282
frigiddesertdweller;Ok_Whole6079
Turbulent-Froyo7352;Ok-Bite-4311
doctorsax14;Old_Release_6311
AutoModerator;OldHobbitsDieHard
Riegel_Haribo;OldHobbitsDieHard
OldHobbitsDieHard;OldHobbitsDieHard
behsiu;OldHobbitsDieHard
supermegaampharos;OldHobbitsDieHard
Toffutipunani;OldHobbitsDieHard
YamStallion;OldHobbitsDieHard
MilkofGuthix;OldHobbitsDieHard
ClassicBeach9498;OldHobbitsDieHard
DavidCBillingsley;OldHobbitsDieHard
Dev_Alahan;OldHobbitsDieHard
Remarkayble;OldHobbitsDieHard
chairmankim007;omniscientsputnik
The-Rice-Boi;OnemcchrisQuestion
SuggestionBright4118;onepunchcode
rek-lama;Open_Poet1970
raxrb;Optimal-Rutabaga-922
ColorlessCrowfeet;optiongeek
shabbysneakers;optiongeek
raxrb;OraclePirate
WithoutReason1729;Ornery_Watercress_43
Turbulent-Froyo7352;Otherwise_Parking817
Xxyz260;Otherwise-Mango2732
gj80;Otherwise-Mango2732
MockStarNZ;Otherwise-Mango2732
EnsignElessar;Otherwise-Mango2732
AutoModerator;ou4d1e
behsiu;ou4d1e
diodot;ou4d1e
raxrb;Outrageous_Cow_1053
ThunderFive;overtimeout
EnsignElessar;overtimeout
Flesh-Tower;OvertlyStoic
SellParking;OvertlyStoic
ArcticBlade45;PacmanIncarnate
auteurfantastique;paintergal5
OEMichael;Painterly_Vertex
Donkeytonkers;Painterly_Vertex
Tango_Foxtrot404;pale_splicer
Turbulent-Froyo7352;Past-Tie2085
M0p3t3y;pbatcheller
TavernBiscuit;pedxxing
raxrb;peterobe
Rich_Introduction_83;PhatUnlimited
AutoModerator;Philipp
Montykoro;Philipp
loosenut23;Philipp
cruiser-bazoozle;Philipp
NewMediaMogul;Philipp
pillowpotion;Philipp
BGFlyingToaster;Philipp
very_cultured_man;Philipp
RunParking3333;Philipp
JD4Destruction;Philipp
IrrationalID_12;Philipp
gabchile;Philipp
-OptimalPrimus-;Philipp
Centauri-Star;Philipp
BRAMBL_YouTube;Philipp
Humble-Pace3621;Philipp
Error_404_403;Philipp
fake_cheese;Philipp
International_Ad5667;Philipp
grumpyfrench;Philipp
adijsad;Philipp
AarronIam;Philipp
West_Ad5673;Philipp
MrHaphazard1;Philipp
PaceVisible4874;Philipp
Expensive_Mistake118;Philipp
LocksmithPleasant814;Philipp
yellowbrowntwo2;Philipp
snipervld;Philipp
Actual-Ad-8880;Philipp
BerkerTaskiran;Philipp
BerkerTaskiran;Philipp
Defender2-5;Philipp
Philipp;pillowpotion
anythingMuchShorter;pillowpotion
Some-Summer-5005;PixelPhobiac
mangopanic;PM_ME_ENFP_MEMES
imeeme;pm_me_ur_pet_plz
banned_in_Raleigh;PMmeyourclit2
in_n_out_sucks;polynomials
Mayfil3000;powercut_in
Imma_Lick_Your_Ass2;PowerHungryGandhi
Turbulent-Froyo7352;Practical-Sir-441
Austinsmakingstuff;Previous-Present-639
MrRamoss;Previous-Present-639
squaregen42;probablymaybieafter
PwnJuiceTheChef;probablymaybieafter
DigiFetch;probablymaybieafter
Stef58_;probablymaybieafter
_MissionControlled_;Professional-Duck964
AutoModerator;ProfessorGPT-4
behsiu;ProfessorGPT-4
CulturedNiichan;Prsue
EightyDollarBill;psbanka
Virtual-Caregiver232;Putrumpador
iasad12;Putrumpador
Mardicus;PwnJuiceTheChef
ShotgunProxy;PwnJuiceTheChef
cutienoobie;PwnJuiceTheChef
Ev3nstarr;PwnJuiceTheChef
utopista114;PwnJuiceTheChef
onepunchcode;PwnJuiceTheChef
Seganakade;PwnJuiceTheChef
twotimefind;PwnJuiceTheChef
Jeffy29;PwnJuiceTheChef
cervenyokurek;PwnJuiceTheChef
probablymaybieafter;PwnJuiceTheChef
Cifer208;PwnJuiceTheChef
STFUco;PwnJuiceTheChef
lordfrost03;PwnJuiceTheChef
cookie_bleacker;PwnJuiceTheChef
Leonie-Lionheard;PwnJuiceTheChef
Imgjim;PwnJuiceTheChef
ideas_now;PwnJuiceTheChef
AutoModerator;Q1Oz
behsiu;Q1Oz
Ditsocius;quantumgpt
Additional-Candle-47;quantumphaze
lydianleus;quantumphaze
FluffyDragonHeads;r_slash
Hunky_not_Chunky;r00tie_tootie
DesoTheDegenerate;r00tie_tootie
PandaParaBellum;r00tie_tootie
raxrb;radicaldoubt219
fancyhumanxd;RaggedyAndromeda
AutoModerator;Rajat-Chauhan
VoltronicEnergy;Rajat-Chauhan
Redchong;Rajat-Chauhan
alexiuss;Rajat-Chauhan
Practical-Mix-4332;Rajat-Chauhan
ILoveRillaboom;Rajat-Chauhan
serf_829274;Rajat-Chauhan
nutella_overdose;Rajat-Chauhan
throwaway3113151;Rajat-Chauhan
laglory;Rajat-Chauhan
vidrageon;Rajat-Chauhan
18441601;Rajat-Chauhan
Complete-Anybody5180;Rajat-Chauhan
Automatic_Cry9901;Rajat-Chauhan
Broges0311;Rajat-Chauhan
BetterProphet5585;Rajat-Chauhan
DARKPYRO58;Rajat-Chauhan
confuzzledfather;Rajat-Chauhan
behsiu;Rajat-Chauhan
JonnyB2_YouAre1;Rajat-Chauhan
Slow-Bookkeeper7486;Rajat-Chauhan
LOGSLAUG;Rajat-Chauhan
my_name_isnt_clever;Rajat-Chauhan
redditigon;Rajat-Chauhan
ksldnl;Rajat-Chauhan
Straight_Collar_842;Rajat-Chauhan
rentest;Rajat-Chauhan
trip_enjoyer;Rajat-Chauhan
GnuZach;Rajat-Chauhan
Electrical-Impact476;Rajat-Chauhan
Flesh-Tower;Rajat-Chauhan
ArtemonBruno;Rajat-Chauhan
AliUsmanAhmed;Rajat-Chauhan
PythonArtAI;Rajat-Chauhan
Usual_Lie_5454;Rajat-Chauhan
oldcreaker;Rajat-Chauhan
Toltaney;Rajat-Chauhan
Ninguart;Rajat-Chauhan
Eightsevenfox;Rajat-Chauhan
kennykoe;Rajat-Chauhan
Cpkrupa;Rajat-Chauhan
SellParking;Rajat-Chauhan
LiesToldbySociety;Rajat-Chauhan
Fair-Advantage9539;Rajat-Chauhan
songmage;Rajat-Chauhan
necessaryhedgehog550;Rajat-Chauhan
Reign2294;Rajat-Chauhan
RelentlessIVS;Rajat-Chauhan
Vontaxis;Rajat-Chauhan
eberkain;Rajat-Chauhan
Weak_Comfortable1844;Rajat-Chauhan
rhiao;Rajat-Chauhan
SlightLogic;Rajat-Chauhan
PoorClassWarRoom;Rajat-Chauhan
libertysailor;Rajat-Chauhan
No-Sir-7962;Rajat-Chauhan
13Robson;Rajat-Chauhan
Ravi5ingh;Rajat-Chauhan
Previous-Present-607;Rajat-Chauhan
Canashito;Rajat-Chauhan
AyoMarco;Rajat-Chauhan
hisglasses66;Rajat-Chauhan
Chaluliss;Rajat-Chauhan
aaron_in_sf;Rajat-Chauhan
Maleficent_Age300;Rajat-Chauhan
mrfabi;Rajat-Chauhan
RiotNrrd2001;Rajat-Chauhan
GayNpcWithSaggyAss;Rajat-Chauhan
Jumpy-Masterpiece532;Rakashua
AutoModerator;RampantInanity
CougarAries;RampantInanity
its_a_gibibyte;RampantInanity
niickka;RampantInanity
sumane12;RampantInanity
ThePartyBear;RampantInanity
Scenic_World;RampantInanity
shlo-fi;RampantInanity
FrostyDwarf24;RampantInanity
PM_ME_ENFP_MEMES;RampantInanity
holllllyy;RampantInanity
cthuluhooprises;RampantInanity
CraftyMuthafucka;RampantInanity
Ding-Bop-420;RampantInanity
Notyit;RampantInanity
Grandmastersexsay69;RampantInanity
gewappnet;RampantInanity
Ok-Clue-6165;RampantInanity
KatsapNaNij;RampantInanity
Ok_Possible_2260;RampantInanity
font9a;RampantInanity
melifaro_hs;RampantInanity
None;RampantInanity
behsiu;RampantInanity
Altruistic-Hat-9604;RampantInanity
MagicMushroom98960;RampantInanity
yellowlotusx;RampantInanity
BadgersAndJam77;RampantInanity
WhiteHotGhost;RampantInanity
Suspicious-Box-;RampantInanity
SirWobblyOfSausage;RampantInanity
alexisatk;RampantInanity
deram_scholzara;RampantInanity
Attentive-Antihero;RampantInanity
jackneefus;RampantInanity
Nezar97;RampantInanity
Gomdok_the_Short;RampantInanity
DisasterAwareness;RampantInanity
Fightlife45;RampantInanity
Smeeffy;RampantInanity
mayerbrown;RampantInanity
mekdigital;RampantInanity
chopinrocks;RampantInanity
GideonZotero;RampantInanity
chr0nic_eg0mania;RampantInanity
FatStupidOldMan;RampantInanity
libertysailor;RampantInanity
chili_ladder;RampantInanity
ElMachoGrande;RampantInanity
No_New_Friends_1999;RampantInanity
Crystar800;RampantInanity
Distinct_Candidate92;RampantInanity
Wealth_Is_Not_Cash;RampantInanity
AL-KINDA;RampantInanity
None;RampantInanity
Top-Broccoli8994;RampantInanity
CondiMesmer;RampantInanity
Mr_Gentoo;RampantInanity
Sum-Duud;RampantInanity
LocksmithNo9994;RampantInanity
Flaky-Wallaby5382;RampantInanity
max_piotrowski;RampantInanity
Use-Useful;RampantInanity
Pantim;RampantInanity
Stolen_Rusky_Tank;RampantInanity
DrestinBlack;RampantInanity
SuchaUnlikelyEvent;RampantInanity
International_Ad5667;RampantInanity
Clearlybeerly;RampantInanity
NoCanShameMe;RampantInanity
HDK1989;RampantInanity
sekiroisart;RampantInanity
wurstgigant;RampantInanity
Accurate_Astronaut48;RampantInanity
Ramuh321;Ramuh321
aqan;Ramuh321
AutoModerator;raxrb
mr3LiON;raxrb
US_Gone_Rogue;raxrb
tussockypanic;raxrb
_RMR;raxrb
kinderhooksurprise;raxrb
Outrageous_Cow_1053;raxrb
behsiu;raxrb
AutoModerator;raxrb
Sup_Chief;raxrb
faceman_21;raxrb
faceman_21;raxrb
faceman_21;raxrb
gonzowildwood;raxrb
strydar1;raxrb
peterobe;raxrb
thinkfire;raxrb
thinkfire;raxrb
radicaldoubt219;raxrb
Ididnttrythisyet;raxrb
odatot;raxrb
Bitter__Physics;raxrb
DizzMaCity;raxrb
DowntownTangerine132;raxrb
dcc_1;raxrb
top_dawg27;raxrb
urpoviswrong;raxrb
urpoviswrong;raxrb
aidanashby;raxrb
Optimal-Rutabaga-922;raxrb
DropShipIO;raxrb
DropShipIO;raxrb
TheLastTechHero;raxrb
jrm3061;raxrb
ajackacend;raxrb
Far-Importance4437;raxrb
createdbyClyde;raxrb
bombafarao;raxrb
No-Mathematician2380;raxrb
OraclePirate;raxrb
Apprehensive_Bag3672;raxrb
wolfpack_grad;raxrb
bedel99;raxrb
MacAndCheezyBeezy;raxrb
MacAndCheezyBeezy;raxrb
usetheboot;raxrb
nlet100;raxrb
aldorussojr;raxrb
Melodic-Living-2693;raxrb
quantumgpt;raxrb
tekmanfortune;raxrb
Tough-Rise8625;raxrb
Firesworn;raxrb
Ashamed_Ad7007;raxrb
Joepetey;raxrb
rouserfer;raxrb
Kuechenkind;raxrb
dee2kay;raxrb
Prize_Assumption4624;raxrb
Pretend-Accountant-4;raxrb
No_Establishment9704;raxrb
RubiksCodeNMZ;raxrb
flylikejimkelly;raxrb
shootemjerry;raxrb
Feema13;raxrb
#NAZWA?;raxrb
Fun_Introduction5384;raxrb
Annual-Package3205;raxrb
jairopb2122;raxrb
Shyvadi;raxrb
KarlHungus311;rdf-
AutoModerator;RebelSaul
AutoModerator;RebelSaul
Riegel_Haribo;RebelSaul
MrLewhoo;RebelSaul
currentscurrents;Redchong
Fake_William_Shatner;Reddit_Ghost2021
Jazzun;RedditLovingSun
slalomaleikam;RedditLovingSun
drlongtrl;RedditLovingSun
tunisia3507;RedditLovingSun
JoePortagee;RedditLovingSun
MerleFSN;RedditLovingSun
Supsend;RedditLovingSun
Cranky-old-person;RedditLovingSun
8-16_account;reddituser_123
AlderonTyran;reddituser_123
Ph00k4;redpick
todddesign;redpick
OvertlyStoic;Reign2294
Drpoofn;rek-lama
monkeywithtwospoons;rek-lama
AquaRegia;rek-lama
AutoModerator;Relevant-Sell-7109
behsiu;Relevant-Sell-7109
Odd-Classic7310;Relevant-Sell-7109
angrathias;ResponsibleSteak4994
WheresTheEggsAt;retsamerol
MurkySalamander106;RiceKrispyPooHead
PhatUnlimited;Rich_Introduction_83
CulturedNiichan;Rich_Introduction_83
jessedelanorte;RichieNRich
h3lblad3;RichieNRich
LouisvillePharmacist;rick_potvin66
usanextdoor;Riegel_Haribo
lobotomy42;Riegel_Haribo
BluBoi236;Riegel_Haribo
FishToaster;Riegel_Haribo
vadympk;Riegel_Haribo
Altruistic-Hat-9604;robertjbrown
mapsedge;robinfresno
malevolentslime;robinfresno
Turbulent-Froyo7352;roboticzizzz
-_1_2_3_-;rockos21
The-Rice-Boi;rodrigo_vera_perez
ToneDef__;RomanticPanic
behsiu;RustyShuttle
some_random_arsehole;Ryselle
Crowley795;Ryselle
ToneDef__;Ryselle
willowhawk;sadelpenor
Xxyz260;sadelpenor
B33rtaster;sadelpenor
WithoutReason1729;sadelpenor
Norwest;SaiyanrageTV
Red_Stick_Figure;SaiyanrageTV
Smooth-Question-3069;SaiyanrageTV
sschepis;SaiyanrageTV
ContemplativePotato;SaiyanrageTV
drummer820;sam349
HypokeimenonEshaton;sam349
PhatUnlimited;sam349
Pristine-Donkey4698;saoiray
WheresTheEggsAt;saraseitor
malevolentslime;sausage4mash
Britoz;Scenic_World
WithoutReason1729;Schmorbly
None;Schmorbly
nanozeus2014;Schmorbly
CulturedNiichan;Sebastianx21
SaiyanrageTV;See-Fello
The_Unreal;See-Fello
Wopnick;See-Fello
abecadarian;See-Fello
GrumpyBearBank;See-Fello
RedBullPittsburgh;See-Fello
ElysMustache;See-Fello
Howrus;See-Fello
Intelligent_Ad9640;See-Fello
151N;Seeker_Of_Knowledge-
OvertlyStoic;SellParking
2ln2auq2;Semtex_cz
BigWalterWhite123;serf_829274
ShotgunProxy;seventhtao
the_bollo;sgramstrup
Mapleson_Phillips;sgramstrup
kiltrout;sgramstrup
dolefulAlchemist;sgramstrup
dolefulAlchemist;sgramstrup
Ornery_Watercress_43;SgtSavage1106
UltimateWager;shabbysneakers
AMDSuperBeast86;shabbysneakers
AutoModerator;SharkOnGames
SharkOnGames;SharkOnGames
behsiu;SharkOnGames
smatty_123;Shikanatori
TechSquidTV;Shikanatori
miso25;Shikanatori
CulturedNiichan;shittyshushi
robertjbrown;shlo-fi
_truemint;Shloomth
AutoModerator;ShotgunProxy
PwnJuiceTheChef;ShotgunProxy
bigworddump;ShotgunProxy
cutienoobie;ShotgunProxy
PwnJuiceTheChef;ShotgunProxy
MoneyHoney01;ShotgunProxy
ShotgunProxy;ShotgunProxy
EnsignElessar;ShotgunProxy
hikesnbikesnwine;ShotgunProxy
virtualmusicarts;ShotgunProxy
Ilovegrapesys;ShotgunProxy
p1en1ek;ShotgunProxy
ArtemonBruno;ShotgunProxy
ThinkAboutThatFor1Se;ShotgunProxy
Wan-Pang-Dang;ShotgunProxy
John_val;ShotgunProxy
seventhtao;ShotgunProxy
gurneyguy101;ShotgunProxy
ISlapDeath4Fun;ShotgunProxy
MxMaster9907;ShotgunProxy
powercut_in;ShotgunProxy
uxjw;ShotgunProxy
ResponsibleSteak4994;ShotgunProxy
kiwisrkool;ShotgunProxy
kolya0099;ShotgunProxy
danielbr93;ShotgunProxy
ViktorCsete;ShotgunProxy
jeffwadsworth;ShotgunProxy
S-Vagus;ShotgunProxy
None;ShotgunProxy
Emergency_Ad6412;ShotgunProxy
ChrisMcLean420;ShotgunProxy
MealoTeam;ShotgunProxy
EwaldvonKleist;ShotgunProxy
AstronomerOk5002;ShotgunProxy
Secapaz;ShotgunProxy
NoDurian966;ShotgunProxy
harukasweet;ShotgunProxy
MaxxLP8;ShotgunProxy
RainbowOni;ShotgunProxy
chairmankim007;shrike_999
cthuluhooprises;ShyGiirll
BLINDED0401;ShyGiirll
YourDailyUwU;siliconesoul
tinteh;SillyFlyGuy
Wild-Weakness4870;SillyFlyGuy
TVC15Technician;silver_linning22
automatedcharterer;silver_linning22
theoinkypenguin;silver_linning22
zeronyx;silver_linning22
DerSpini;sirhandstylepenzalot
nanozeus2014;sirjethr0
Turbulent-Froyo7352;SirLordTheThird
d6bels;siziono
Savings_Video3478;skunkyybear
Ornery_Watercress_43;SlaimeLannister
MotionTwelveBeeSix;SlaimeLannister
doyouevenIift;slalomaleikam
SpoonAtAGunFight;slalomaleikam
SlightLogic;SlightLogic
animefreak701139;SlightLogic
Brendon7358;Slow-Bookkeeper7486
Slow-Bookkeeper7486;Slow-Bookkeeper7486
InterGraphenic;Slow-Bookkeeper7486
JervisCottonbelly;smatty_123
MoneroBee;smatty_123
AutoModerator;smrad8
banned_in_Raleigh;SnatchSnacker
biffures;SnooComics9407
Not_suspecto;SnooSprouts1512
hanzoplsswitch;solohack3r
PurpleBonesGames;solohack3r
Ironchar;solohack3r
CaptainLockes;some_random_arsehole
AutoModerator;Some-Summer-5005
AutoModerator;Some-Summer-5005
Some-Summer-5005;Some-Summer-5005
behsiu;Some-Summer-5005
PixelPhobiac;Some-Summer-5005
Drpoofn;sometechloser
blove135;sometechloser
Zohan4K;SorakaWithAids
MachineOmen;SorakaWithAids
mthrndr;SorakaWithAids
currentscurrents;Space4Time
Ditsocius;Space4Time
Dramatic-Ad7192;Space4Time
HulkHunter;Space4Time
Medical-Coffee6048;Space4Time
vernes1978;Space4Time
ILikeMagicz;spamcandriver
StringsConFuoco;spinozasrobot
Lolguppy;split_skunk
Low-Concentrate2162;split_skunk
InsufferableHaunt;spooks_malloy
Veylon;SquadPoopy
mddnaa;SquadPoopy
151N;SquanchyBirb
Hawaiiom;SquirrelShiny
Stinger86;SquirrelShiny
mapsedge;SquirrelShiny
cark;sschepis
AutoModerator;starlinker999
behsiu;starlinker999
DisasterAwareness;StaticNocturne
hapliniste;StayingAwake100
Vaeon;StayingAwake100
playing_possums;StellaAthena
PwnJuiceTheChef;STFUco
cruiser-bazoozle;Stinger86
notprofane;Stinger86
SquirrelShiny;Stinger86
AutoModerator;Stone_Balled
3DimensionalChar;Stone_Balled
behsiu;Stone_Balled
JapanEngineer;Stone_Balled
Ghurnijao;Stone_Balled
Affectionate_Can7987;Stone_Balled
r00tie_tootie;Stone_Balled
sadelpenor;Stone_Balled
Donkeytonkers;Stone_Balled
yagami_raito23;Stone_Balled
Stone_Balled;Stone_Balled
DataPhreak;Stone_Balled
Dilettante-Dave;Stone_Balled
Ok_Leadership2518;Stone_Balled
memy02;Stone_Balled
wad11656;Stone_Balled
henryreign;Stone_Balled
RiceKrispyPooHead;Stone_Balled
CaptAwesome203;Stone_Balled
scull3218;Stone_Balled
Heya_Andy;Stone_Balled
anythingMuchShorter;Stone_Balled
Loki--Laufeyson;Stone_Balled
LightBeerOnIce;Stone_Balled
Flowinmymind;Stone_Balled
Mr_unProfessionalism;Stone_Balled
LagSlug;Stone_Balled
crooked-v;Stone_Balled
XGrinder911;Stone_Balled
SubjectTwoTwoThree;Stone_Balled
Lovehistory-maps;Stone_Balled
verticalplanes;Stone_Balled
ackbobthedead;Stone_Balled
menxiaoyong;Stone_Balled
Ambitious-Pirate-505;Stone_Balled
emilyaintaspicyname;Stone_Balled
Moynihan93;Stone_Balled
Additional-Clerk6123;Stone_Balled
TheImpundulu;Stone_Balled
randomstranger76;Stone_Balled
Ham_bones;Stone_Balled
Druffilorios;Stone_Balled
xeonicus;Stone_Balled
BeYourself2021;Stone_Balled
dano1066;Stone_Balled
BoredGeek1996;Stone_Balled
momolamomo;Stone_Balled
SirGunther;Stone_Balled
VictorRed;Stone_Balled
gotacocatgo;Stone_Balled
NewOrleansLA;Stone_Balled
VidGamrJ;Stone_Balled
LonelyRecognition829;Stone_Balled
Major_Banana;Stone_Balled
Vachie_;Stone_Balled
Linereck;Stone_Balled
MurkySalamander106;Stone_Balled
Old-Title4849;Stone_Balled
dtutubalin;Stone_Balled
Riegel_Haribo;Stone_Balled
quarrty;Stone_Balled
CulturedNiichan;Stone_Balled
FFhLQpFrC5brJbr;Stone_Balled
WuetenderWeltbuerger;Stone_Balled
Key-Fox-8765;Stone_Balled
BastardCrows;Stone_Balled
BurritosAndPerogis;Stone_Balled
Spillz-2011;Stone_Balled
PlausibleFalsehoods;Stone_Balled
Glitter_Tiddy;Stone_Balled
AcceptableCorpse;Stone_Balled
StockFeature6625;Stone_Balled
zolmarchus;Stone_Balled
blablablathrowaway36;Stone_Balled
1,63E+18;Stone_Balled
BalkanFerros;Stone_Balled
vineyardmike;Stone_Balled
Darkfantasy11691;Stone_Balled
Morphnoob;Stone_Balled
WhosTheDumbOne;Stone_Balled
Simple_Ferret4383;Stone_Balled
luddebudde;Stone_Balled
Sailor_Gloom;Stone_Balled
ostereje;Stone_Balled
freshieturn;Stone_Balled
StreetKale;Stone_Balled
th3empirial;Stone_Balled
nakesun25;Stone_Balled
FoxlyKei;Stone_Balled
Faintly_glowing_fish;Stone_Balled
Faintly_glowing_fish;Stone_Balled
Aaryan7M;Stone_Balled
Flaky-Independent638;Stone_Balled
LetsGoBubba6141;Stone_Balled
water_bottle_goggles;Stone_Balled
Global33_to_Idlewild;Stone_Balled
orel_;Stone_Balled
ShaneKingUSA;Stone_Balled
Lucid_Discoveries;Stone_Balled
confused_vanilla;Stone_Balled
chairmankim007;Stone_Balled
imsaltyas;Stone_Balled
koltregaskes;Stone_Balled
iamluisjflores;Stone_Balled
spazinsky;Stone_Balled
tipedorsalsao1;Stone_Balled
04mg;Stone_Balled
ClassicBeach9498;Stone_Balled
huyouare;Stone_Balled
Imateacherlol;Stone_Balled
wideoiltanks;Stone_Balled
QwerYTWasntTaken;Stone_Balled
Dry_Quiet_3541;Stone_Balled
MichaelXennial;Stone_Balled
RustyCartoon_45;Stone_Balled
exoticmeatheart;Stone_Balled
iMythD;Stone_Balled
MembershipSolid2909;Stone_Balled
StreetZestyclose9011;Stone_Balled
Lukeaz1234;Stone_Balled
Mister-Redbeard;Stone_Balled
Fuzzy_Momma_Bear74;Stone_Balled
Jeffy29;Stone_Balled
m_jax;Stone_Balled
be_bo_i_am_robot;Stone_Balled
WaffleHouseNeedsWiFi;Stone_Balled
jaxon517;Stone_Balled
Fakedduckjump;Stone_Balled
vivalosabortionistas;Stone_Balled
reddit_1s_pr0paganda;Stone_Balled
extracensorypower;Stone_Balled
Nick_Gaugh_69;Stone_Balled
PM_ME_ENFP_MEMES;Stone_Balled
Midm0;Stone_Balled
Background_Yogurt_13;Stone_Balled
BenjiiXDraco117;Stone_Balled
_Mehdi_B;Stone_Balled
Chatbotfriends;Stone_Balled
HydroSloth;Stone_Balled
ElectricalNinja947;Stone_Balled
Grandmastersexsay69;Stone_Balled
hknewt;Stone_Balled
Andrew_Ferreira;Stone_Balled
Necessary-Apple420;Stone_Balled
Tiligul;Stone_Balled
sluuuurp;Stone_Balled
SnappleManTTV;Stone_Balled
Bryce_cp10;Stone_Balled
The1stmadman;Stone_Balled
Ckck96;Stone_Balled
Aludren;Stone_Balled
Ill-Resort-926;Stone_Balled
Kylearean;Stone_Balled
Jimsmith1264;Stone_Balled
justdroppingmy2centc;Stone_Balled
communistfairy;Stone_Balled
AdaptableNorth;Stone_Balled
CSNfundedHoesNDrip;Stone_Balled
roboticzizzz;Stone_Balled
Forty_Six_and_Two;Stone_Balled
Llymlaen_Rilkam;Stone_Balled
MrRancher;Stone_Balled
AccountNumber478;Stone_Balled
sovietarmyfan;Stone_Balled
fastertimes;Stone_Balled
SuperHeroCow56;Stone_Balled
rodeBaksteen;Stone_Balled
AnaphoricReference;Stone_Balled
SeeTheSounds;Stone_Balled
SeaworthyWide;Stone_Balled
ultrasuperman1001;Stone_Balled
Notrealaccount345;Stone_Balled
Educating_with_AI;Stone_Balled
PMacDiggity;Stone_Balled
star_tyger;Stone_Balled
Korean899;Stone_Balled
Change_username_5;Stone_Balled
cmhansen15;Stone_Balled
original_don_dada;Stone_Balled
dragoballfan11;Stone_Balled
hiiiiiiimpaul;Stone_Balled
hryipcdxeoyqufcc;Stone_Balled
StoicStonedSmiling;Stone_Balled
Philosopheius;Stone_Balled
Substantial_Cable_51;Stone_Balled
Watermeloneman69420;Stone_Balled
randomqhacker;Stone_Balled
fsurfer4;Stone_Balled
cyrilhent;Stone_Balled
Impressive_Jury_6572;Stone_Balled
Significant_Ant_2607;Stone_Balled
Chris714n_8;Stone_Balled
wtesting2013;Stone_Balled
Taikor;Stone_Balled
m6_is_me;Stone_Balled
CinephileNC25;Stone_Balled
CAT6_;Stone_Balled
#NAZWA?;Stone_Balled
After-Cell;Stone_Balled
7EV-x3-N;Stone_Balled
maitreverge;Stone_Balled
Worldly_Maximum632;Stone_Balled
PlasmaticPlayer;Stone_Balled
ZettelCasting;Stone_Balled
Worldly_Maximum632;Stone_Balled
Prestigious_Gain_668;Stone_Balled
Nikkerloo;Stone_Balled
nikocraft;Stone_Balled
LuckyLanno;Stone_Balled
#NAZWA?;Stone_Balled
LOGSLAUG;Stone_Balled
tgwhite;Stone_Balled
squintamongdablind;Stone_Balled
craigspot;Stone_Balled
MuadDib1942;Stone_Balled
FBI_AndyTsoiGood;Stone_Balled
DamnOdd;Stone_Balled
BrianAnim;Stone_Balled
Intrepid-Pudding3308;Stone_Balled
SvenTropics;Stone_Balled
PHAT64;Stone_Balled
zerohope2424;Stone_Balled
Kahnivor;Stone_Balled
PeaceLoveBaseball;Stone_Balled
xondk;Stone_Balled
ArtisianWaffle;Stone_Balled
Braydee7;Stone_Balled
Initial_Length6140;Stone_Balled
Radiodevt;Stone_Balled
MDMALSDTHC;Stone_Balled
Vanpocalypse;Stone_Balled
ThatDapperAdventurer;Stone_Balled
RevTKS;Stone_Balled
spoody69420;Stone_Balled
HyruleCat420;Stone_Balled
vexille;Stone_Balled
ZealousidealJoke3319;Stone_Balled
Whywouldanyonedothat;Stone_Balled
AdOriginal2650;Stone_Balled
sharpspider5;Stone_Balled
Justwantsomehelpya;Stone_Balled
Femboy_Annihilator;Stone_Balled
EvilSporkOfDeath;Stone_Balled
xor_not;Stone_Balled
Alex_Hovhannisyan;Stone_Balled
MysteriesandThoughts;Stone_Balled
Haunting-Quality1206;Stone_Balled
mrsbuttstuff;Stone_Balled
metal_and_lace;Stone_Balled
sure_dove;Stone_Balled
Valuable_Angle_6345;Stone_Balled
airflowy;Stone_Balled
Julitzah;Stone_Balled
cleoindiana;Stone_Balled
black_trillionaire;Stone_Balled
Advanced-Ticket9305;Stone_Balled
FacetiousLogia;Stone_Balled
Substantial_Craft724;Stone_Balled
joeysprezza;Stone_Balled
pinky_monroe;Stone_Balled
WTFisaRobsterCraw;Stone_Balled
Aware_Wo1f;Stone_Balled
Picture-me-rolling;Stone_Balled
Major-Astronaut2313;Stone_Balled
Ace_of_spades89;Stone_Balled
PositiveHovercraft18;Stone_Balled
Daniel13092000;Stone_Balled
Daddo_004;Stone_Balled
warhammer3der;Stone_Balled
Extension_Novel5819;Stone_Balled
Ashamed_Ad6019;Stone_Balled
Redditkringe;Stone_Balled
the_chosen_one373;Stone_Balled
AMC_Unlimited;Stone_Balled
1CraftyDude;Stone_Balled
Fintara;Stone_Balled
Odd_Appearance3214;Stone_Balled
HomicidalHushPuppy;Stone_Balled
calripkenturner;Stone_Balled
Neither-Wrangler1164;Stone_Balled
yaretii;Stone_Balled
MustardOreo;Stone_Balled
BonsaiBudsFarms;Stone_Balled
Shoddy_Bus4679;Stone_Balled
casualmagicman;Stone_Balled
KevinEudy;Stone_Balled
Fidodo;Stone_Balled
reeedwaterloo;Stone_Balled
LUV_U_BBY;Stone_Balled
MikeHawksMusty;Stone_Balled
Lord_Darkmerge;Stone_Balled
TheRealestLarryDavid;Stone_Balled
westisnoteast;Stone_Balled
No-Virus-6964;Stone_Balled
m-s-c-s;Stone_Balled
mav8890;Stone_Balled
Mindless-Process4597;Stone_Balled
KTG690;Stone_Balled
BurningVShadow;Stone_Balled
Backpackevelyn;Stone_Balled
TheMadface80;Stone_Balled
Long_Childhood;Stone_Balled
Hamsammichd;Stone_Balled
PCrawDiddy;Stone_Balled
Typical_Carry5115;Stone_Balled
rawkhounding;Stone_Balled
Sperranza;Stone_Balled
Distinct-Act-6983;Stone_Balled
Few-Beach-3536;Stone_Balled
FigElectronic5970;Stone_Balled
raxrb;strydar1
freethefoolish;stSyl
TheInkySquids;stSyl
babbagoo;subjectandapredicate
Tango_Foxtrot404;SubjectTwoTwoThree
ImaKant;Substantial_Word_356
AutoModerator;SuckMyPenisReddit
behsiu;SuckMyPenisReddit
mapsedge;Suitable_Speed4487
Bayoris;sumane12
Snotpotato;sumane12
lololoolollolololol;sumane12
PMmeyourclit2;sumane12
SnatchSnacker;sumane12
SolidCake;sumane12
ThisUserIsAFailure;sumane12
AutoModerator;SummerSplash
jbkinger;SummerSplash
ntack9933;sunyatayo
notdsylexic;sunyatayo
OK-NO-YEAH;supapoopascoopa
Turbulent-Froyo7352;Surround_Just
Seakawn;Suspicious-Box-
yellowlotusx;Suspicious-Box-
DntCareBears;Sweg_lel
Outrageous_Cow_1053;tatojah
Unknownhamlyn;TavernBiscuit
ToDonutsBeTheGlory;TealTigerlily
thi_js;Technologytwitt
InvictusNFT;TechSquidTV
mazuxxx;Tell2ko
BluBoi236;Telsak
BullionStacker;Temporary-War2043
Imaginary_Lemon8847;the_bollo
Stinger86;the_bollo
pm_me_ur_pet_plz;the_bollo
sgramstrup;the_bollo
forcesofthefuture;the_bollo
equanimity120398;the_bollo
unseen247;the_bollo
IllIIllIIllIIll;the_bollo
walnut5;the_bollo
FreeHatsOrTechies;the_bollo
KingDingoDa69th;the_bollo
Bling-Crosby;the_bollo
thexdroid;the_bollo
x-Mowens-x;the_bollo
iamrafal;the_bollo
Dark_Pussy12;the_bollo
Aludren;the_bollo
Shloomth;the_bollo
Mr_RedHerring;The_Lovely_Blue_Faux
Mr_RedHerring;The_Lovely_Blue_Faux
AutoModerator;The_Purfected_Shot
Shikanatori;The_Purfected_Shot
DownvotesInbound;The_Purfected_Shot
autemox;The_Purfected_Shot
Rakashua;The_Purfected_Shot
StayingAwake100;The_Purfected_Shot
ihateyoustrongly;The_Purfected_Shot
No-Combination-9910;The_Purfected_Shot
LagSlug;The_Purfected_Shot
Top-Broccoli8994;The_Purfected_Shot
smatty_123;The_Purfected_Shot
Vaeon;The_Purfected_Shot
AdRepresentative2263;The_Purfected_Shot
Theesismyphoneacc;The_Purfected_Shot
usanextdoor;The_Purfected_Shot
LocksmithPleasant814;The_Purfected_Shot
Normal-Flower4437;The_Purfected_Shot
Vaeon;The_Purfected_Shot
ThatRandomTGuy;The_Purfected_Shot
TheElectraHeart;The_Purfected_Shot
Admirable-Arm-7264;The_Purfected_Shot
CantThinkOfOneUs;The_Purfected_Shot
Ultra180;The_Purfected_Shot
Eltrion;The_Purfected_Shot
hanzoplsswitch;The_Purfected_Shot
LocksmithPleasant814;The_Purfected_Shot
ace5762;The_Purfected_Shot
The5e;The_Purfected_Shot
arickbnt;The_Purfected_Shot
usanextdoor;The_Purfected_Shot
Haunting-Quality1206;The_Purfected_Shot
CRedIt2017;The_Purfected_Shot
CulturedNiichan;The_Purfected_Shot
behsiu;The_Purfected_Shot
Previous-Present-639;The_Purfected_Shot
dickpunchman;The_Purfected_Shot
bactchan;The_Purfected_Shot
AwesomeParker;The_Purfected_Shot
Academic-Ad-9778;The_Purfected_Shot
sopa-liquida;The_Purfected_Shot
Todsrache;The_Purfected_Shot
bad-fengshui;The_Purfected_Shot
InvictusNFT;The_Purfected_Shot
songmage;The_Purfected_Shot
BalorNG;The_Purfected_Shot
FatStupidOldMan;The_Purfected_Shot
Whiskers462;The_Purfected_Shot
EightyDollarBill;The_Purfected_Shot
Norwest;The_Unreal
TheAIpocalypseIsHere;TheAIpocalypseIsHere
theoinkypenguin;TheAIpocalypseIsHere
staygold-ne;theblondepenguin
njdevilsfan24;theblondepenguin
temp0ra;theblondepenguin
drthip4peace;TheChaos7777
SorakaWithAids;TheChaos7777
iasad12;thegoodstranger415
mimavox;thegoodstranger415
iasad12;TheKalkiyana
pampidu;TheKalkiyana
raxrb;TheLastTechHero
AutoModerator;TheLisan-al-Gaib
AutoModerator;TheLisan-al-Gaib
Greco_bactria;TheLisan-al-Gaib
Greco_bactria;TheLisan-al-Gaib
AutoModerator;themirrazz
behsiu;themirrazz
MZuc;TheOriginalSamBell
evilada;ThePartyBear
None;therealdivs1210
Hecantkeepgettingaw;therealdivs1210
lugh111;therealdivs1210
AutoModerator;The-Rice-Boi
Daboss351;The-Rice-Boi
tknecht4;The-Rice-Boi
MotionTwelveBeeSix;The-Rice-Boi
mydogislow;The-Rice-Boi
monkeywithtwospoons;The-Rice-Boi
x-typo;The-Rice-Boi
Dilettante-Dave;The-Rice-Boi
None;The-Rice-Boi
Suspicious-Box-;The-Rice-Boi
None;The-Rice-Boi
K3wp;The-Rice-Boi
nullrecord;The-Rice-Boi
lateralhazards;The-Rice-Boi
So6oring;The-Rice-Boi
investigatingheretic;The-Rice-Boi
RedCravat;The-Rice-Boi
Mr_DrProfPatrick;The-Rice-Boi
theblondepenguin;The-Rice-Boi
hdjenfifnfj;The-Rice-Boi
WHEREWEREYOUJAN6;The-Rice-Boi
fvpv;The-Rice-Boi
ThePiperMan;The-Rice-Boi
thebababooey;The-Rice-Boi
juanautet;The-Rice-Boi
justjaydog;The-Rice-Boi
Swarley001;The-Rice-Boi
CopperWaffles;The-Rice-Boi
ToDonutsBeTheGlory;The-Rice-Boi
stSyl;The-Rice-Boi
GreenLurka;The-Rice-Boi
Informal_Calendar_99;The-Rice-Boi
pbatcheller;The-Rice-Boi
skunkyybear;The-Rice-Boi
Fine_Butterfly216;The-Rice-Boi
Oregon_Oregano;The-Rice-Boi
DetailNo9969;The-Rice-Boi
The_IT_Dude_;The-Rice-Boi
Schmorbly;The-Rice-Boi
Tiamatium;The-Rice-Boi
DetailNo9969;The-Rice-Boi
gonzophilosophy;The-Rice-Boi
TLo137;The-Rice-Boi
Temporary-War2043;The-Rice-Boi
r2rknot;The-Rice-Boi
FalloutNano;The-Rice-Boi
almondolphin;The-Rice-Boi
ovaovaovaova;The-Rice-Boi
StellaAthena;The-Rice-Boi
__keanu;The-Rice-Boi
greenbluepurpleblack;The-Rice-Boi
calvin-n-hobz;The-Rice-Boi
Rich_Acanthisitta_70;The-Rice-Boi
jerzy4;The-Rice-Boi
Oregon_Oregano;The-Rice-Boi
Critical_Reasoning;The-Rice-Boi
jerzy4;The-Rice-Boi
kizzay;The-Rice-Boi
ImpressiveWatch8559;The-Rice-Boi
TipCold879;The-Rice-Boi
akaBigWurm;The-Rice-Boi
rodrigo_vera_perez;The-Rice-Boi
praguepride;The-Rice-Boi
MrYellowfield;The-Rice-Boi
coolsam254;The-Rice-Boi
RiggityWrecked96;The-Rice-Boi
MILFS_AcidArrow;The-Rice-Boi
FeelingSketchy;The-Rice-Boi
Monarc73;The-Rice-Boi
telemeister74;The-Rice-Boi
Ballboy2015;The-Rice-Boi
MrRancher;The-Rice-Boi
JamieSma;The-Rice-Boi
Prestigious-Tea-2218;The-Rice-Boi
Low_Corner_9061;The-Rice-Boi
jrwn;The-Rice-Boi
Adorable-Adeptness31;The-Rice-Boi
SirGunther;The-Rice-Boi
Sloffy_92;The-Rice-Boi
Rare-Lime2451;The-Rice-Boi
pedxxing;The-Rice-Boi
Greco_bactria;The-Rice-Boi
sure_dove;The-Rice-Boi
theRIAA;The-Rice-Boi
r_chard_40;The-Rice-Boi
Independent_Ease5410;The-Rice-Boi
yeet-im-bored;The-Rice-Boi
Swimming-Elk6740;The-Rice-Boi
kc3svj;The-Rice-Boi
QuartzPuffyStar;The-Rice-Boi
M4tt3843;The-Rice-Boi
SimRacer101;The-Rice-Boi
Sandbar101;The-Rice-Boi
Jim-20;The-Rice-Boi
dolfanforlife;The-Rice-Boi
TheGISingleG03;The-Rice-Boi
BarrattG;The-Rice-Boi
mi7chy;The-Rice-Boi
ladeedah1988;The-Rice-Boi
Capital-Feedback1969;The-Rice-Boi
morbob;The-Rice-Boi
MortalTwit;The-Rice-Boi
1jl;The-Rice-Boi
MNVikingsFan4Life;The-Rice-Boi
BullsUnited;The-Rice-Boi
Elder_sender;The-Rice-Boi
punnyHandle;The-Rice-Boi
act_sucks23;The-Rice-Boi
Spirited-Site-Hunter;The-Rice-Boi
scampf;The-Rice-Boi
dat3010;The-Rice-Boi
torajapan;The-Rice-Boi
omniron;The-Rice-Boi
AdmirableFace1767;The-Rice-Boi
notamaster;The-Rice-Boi
ophydian210;The-Rice-Boi
prometheus_winced;The-Rice-Boi
ButterscotchFresh255;The-Rice-Boi
frankydie69;The-Rice-Boi
FixingWaffles;The-Rice-Boi
UONIONRINGSIHATE;The-Rice-Boi
vivhux;The-Rice-Boi
MahavidyasMahakali;The-Rice-Boi
VileCompliment;The-Rice-Boi
SuccessfulAd2665;The-Rice-Boi
githux;The-Rice-Boi
ThriceFive;The-Rice-Boi
xwolf360;The-Rice-Boi
guitarguy719;The-Rice-Boi
Past-Ice-8408;The-Rice-Boi
jandrew2000;The-Rice-Boi
ComputerAttny;The-Rice-Boi
konorM;The-Rice-Boi
konorM;The-Rice-Boi
DustyinLVNV;The-Rice-Boi
mrnobody_999;The-Rice-Boi
RandomPhail;The-Rice-Boi
yuca-22;The-Rice-Boi
jacktacowa;The-Rice-Boi
MajesticOwl5101;The-Rice-Boi
pieguy411;The-Rice-Boi
somethingsomethingbe;The-Rice-Boi
CoderJoe1;The-Rice-Boi
Palladium_Dawn;The-Rice-Boi
EchoingAngel;The-Rice-Boi
Daveallen10;The-Rice-Boi
18gr;The-Rice-Boi
Reag24;The-Rice-Boi
DummyThiccToga;The-Rice-Boi
chuckcm89;The-Rice-Boi
Alternative-Hat-2733;The-Rice-Boi
IrAppe;The-Rice-Boi
Azreken;The-Rice-Boi
HistoricalGiraffe853;The-Rice-Boi
jtshek;The-Rice-Boi
TigerWoodsLibido;The-Rice-Boi
gayarsonenthusiast;The-Rice-Boi
zinaer;The-Rice-Boi
Rekuna;The-Rice-Boi
Deathnander;The-Rice-Boi
Whyyyyyyyyfire;The-Rice-Boi
uncommon_philosopher;The-Rice-Boi
NE_GBR;The-Rice-Boi
ichigo841;The-Rice-Boi
TheIronNoodleTTV;The-Rice-Boi
yungdamo2020;The-Rice-Boi
OldHobbitsDieHard;The-Rice-Boi
MichaelXennial;The-Rice-Boi
donnygel;The-Rice-Boi
Ne0nSkyl1ne;The-Rice-Boi
Alive_Ad_7374;The-Rice-Boi
electric_teardrop;The-Rice-Boi
Witty-Common-1210;The-Rice-Boi
pornthrowaway42069l;The-Rice-Boi
dlopan666;The-Rice-Boi
nanidaquoi;The-Rice-Boi
girloferised;The-Rice-Boi
MattSpokeLoud;The-Rice-Boi
EnvironmentalSet2505;The-Rice-Boi
MattSpokeLoud;The-Rice-Boi
hxminid;The-Rice-Boi
Hubrex;The-Rice-Boi
DrAgaricus;The-Rice-Boi
Substantial_Craft724;The-Rice-Boi
West_Layer9364;The-Rice-Boi
None;The-Rice-Boi
dubesor86;The-Rice-Boi
idk-just-something;The-Rice-Boi
Jerry_2010;The-Rice-Boi
girthradius;The-Rice-Boi
InfoOnAI;The-Rice-Boi
Dry_Monitor_8675;The-Rice-Boi
uncommon_philosopher;The-Rice-Boi
Emeraldcitylove_206;The-Rice-Boi
Dazzling-Advice-2355;The-Rice-Boi
robinfresno;The-Rice-Boi
zenwarrior01;The-Rice-Boi
OnemcchrisQuestion;The-Rice-Boi
OnemcchrisQuestion;The-Rice-Boi
susosusosuso;The-Rice-Boi
ruffdaddysmooth;The-Rice-Boi
rjm101;The-Rice-Boi
username6213;The-Rice-Boi
the_real_ramona;The-Rice-Boi
KahRiss;The-Rice-Boi
challengerNomad12;The-Rice-Boi
MormonReformist;The-Rice-Boi
arthurguedez;The-Rice-Boi
PetroDisruption;The-Rice-Boi
No_Industry9653;The-Rice-Boi
gilbertwebdude;The-Rice-Boi
NiceLambo;The-Rice-Boi
EntrepreneurKey169;The-Rice-Boi
MrmmphMrmmph;The-Rice-Boi
tonytdmd;The-Rice-Boi
sntstvn2;The-Rice-Boi
Redchong;The-Rice-Boi
djheru;The-Rice-Boi
None;The-Rice-Boi
clucknorris12;The-Rice-Boi
inglandation;These_Adeptness8708
AutoModerator;TheTabar
behsiu;TheTabar
protazoeanpotato;TheTabar
LuKeNuKuM;TheTabar
EnsignElessar;theWMWotMW
the_bollo;thexdroid
rursache;thexdroid
AutoModerator;thi_js
AutoModerator;thi_js
Technologytwitt;thi_js
Technologytwitt;thi_js
JT_Potato;thi_js
JT_Potato;thi_js
GreatThodric;thi_js
Guest_Basic;thi_js
thi_js;thi_js
thi_js;thi_js
behsiu;thi_js
ExoticCardiologist46;thi_js
laxxle;thi_js
raxrb;thinkfire
Ididnttrythisyet;thinkfire
Turbulent-Froyo7352;thinnerzimmer87
stasik5;ThisUserIsAFailure
Apprehensive_Bad_818;ThisUserIsAFailure
Turbulent-Froyo7352;THOGDAD6
151N;thowawaywookie
Acoustic-Sky;throwaway_00147
18441601;throwaway3113151
Fuzzy-Cupcake-2827;throwawayreddit6565
EnsignElessar;ThunderFive
InterGraphenic;Tiamatium
ImprovementOdd1122;tigerjam1999
Chogo82;TigerWoodsLibido
amyt242;TigerWoodsLibido
SaltyD87;TigerWoodsLibido
LaCipe;TigerWoodsLibido
posts_lindsay_lohan;TigerWoodsLibido
CulturedNiichan;Tim_Allosaurus
KrisTenAtl;TimmyJr123
151N;TimmyJr123
ljhughes0426;Timmyty
maskedpaki;Timmyty
GuardianOfReason;tknecht4
laboufe;tknecht4
Timmyty;tknecht4
StudentAkimbo;tknecht4
gabe565;TLo137
mekdigital;tlver
AutoModerator;tobias_mueller
AutoModerator;tobias_mueller
WithoutReason1729;tobias_mueller
behsiu;tobias_mueller
Kidthesquid92;tobias_mueller
redpick;todddesign
cerebro_a;ToDonutsBeTheGlory
swmichman;ToDonutsBeTheGlory
TealTigerlily;ToDonutsBeTheGlory
drbluexyz;ToDonutsBeTheGlory
House13Games;ToDonutsBeTheGlory
sdmat;Toffutipunani
Walking-HR-Violation;ToneDef__
RomanticPanic;ToneDef__
None;ToneDef__
DiaMat2040;Top_Culture_9625
CoherentPanda;Top_Culture_9625
justletmefuckinggo;Top_Culture_9625
raxrb;top_dawg27
Ian_Titor;trip_enjoyer
chemicalimajx;trip_enjoyer
Grandmastersexsay69;troyboltonislife
Anti-Sat;troyboltonislife
None;trvr_
AutoModerator;tumbleck
UltimateWager;tumbleck
Paper_Kitty;tumbleck
boner_sauce;tumbleck
copious_cogitation;tunisia3507
Big-Fig-8125;TurboOwlKing
AutoModerator;Turbulent-Froyo7352
AutoModerator;Turbulent-Froyo7352
therealdivs1210;Turbulent-Froyo7352
FunkieStylin;Turbulent-Froyo7352
FunkieStylin;Turbulent-Froyo7352
pataoAoC;Turbulent-Froyo7352
FluffyDragonHeads;Turbulent-Froyo7352
Lavio00;Turbulent-Froyo7352
Familiar_Paramedic_2;Turbulent-Froyo7352
give_me_grapes;Turbulent-Froyo7352
breich;Turbulent-Froyo7352
Frequent_Beat4527;Turbulent-Froyo7352
Otherwise-Mango2732;Turbulent-Froyo7352
topical_soup;Turbulent-Froyo7352
Jeffcor13;Turbulent-Froyo7352
Garfieldealswarlock;Turbulent-Froyo7352
m3kw;Turbulent-Froyo7352
spamzauberer;Turbulent-Froyo7352
Danno1850;Turbulent-Froyo7352
spookyskeletony;Turbulent-Froyo7352
Areesss;Turbulent-Froyo7352
Quick-Audience7860;Turbulent-Froyo7352
boombox2000;Turbulent-Froyo7352
Kind_Somewhere2993;Turbulent-Froyo7352
JonnyB2_YouAre1;Turbulent-Froyo7352
shaqule_brk;Turbulent-Froyo7352
behsiu;Turbulent-Froyo7352
gatorblade94;Turbulent-Froyo7352
Ken_from_Barbie;Turbulent-Froyo7352
cherokee3586;Turbulent-Froyo7352
theWMWotMW;Turbulent-Froyo7352
SnooSprouts1512;Turbulent-Froyo7352
FuturePerfectCynagog;Turbulent-Froyo7352
Sophira;Turbulent-Froyo7352
IHatePlebbit69;Turbulent-Froyo7352
KarlHungus311;Turbulent-Froyo7352
thinnerzimmer87;Turbulent-Froyo7352
EmmyNoetherRing;Turbulent-Froyo7352
Gillett1998;Turbulent-Froyo7352
sunyatayo;Turbulent-Froyo7352
DannySmashUp;Turbulent-Froyo7352
Motor_System_6171;Turbulent-Froyo7352
kylegoldenrose;Turbulent-Froyo7352
believeandtrust385;Turbulent-Froyo7352
laconicflow;Turbulent-Froyo7352
EnsignElessar;Turbulent-Froyo7352
roboticzizzz;Turbulent-Froyo7352
roboticzizzz;Turbulent-Froyo7352
BitemeRedditers;Turbulent-Froyo7352
Ok-Bite-4311;Turbulent-Froyo7352
LocksmithNo9994;Turbulent-Froyo7352
Quomii;Turbulent-Froyo7352
Past-Tie2085;Turbulent-Froyo7352
godel32;Turbulent-Froyo7352
Obelion_;Turbulent-Froyo7352
hockeystew;Turbulent-Froyo7352
kitesurfr;Turbulent-Froyo7352
Clever_Unused_Name;Turbulent-Froyo7352
iiIScornIii;Turbulent-Froyo7352
Incruentus;Turbulent-Froyo7352
TizACoincidence;Turbulent-Froyo7352
DisasterAwareness;Turbulent-Froyo7352
Murdercorn;Turbulent-Froyo7352
THOGDAD6;Turbulent-Froyo7352
discipleofdisaster;Turbulent-Froyo7352
IndigoBubblegum;Turbulent-Froyo7352
Final_Personality281;Turbulent-Froyo7352
Ibuylowstocks;Turbulent-Froyo7352
HighOntology;Turbulent-Froyo7352
ObiWanCanShowMe;Turbulent-Froyo7352
Zivvet;Turbulent-Froyo7352
Le_9k_Redditor;Turbulent-Froyo7352
Devz0r;Turbulent-Froyo7352
The_Happy_Expat;Turbulent-Froyo7352
kzgrey;Turbulent-Froyo7352
Kind_Ordinary_8959;Turbulent-Froyo7352
ugiflezet;Turbulent-Froyo7352
Turbulent-Froyo7352;Turbulent-Froyo7352
Boogertwilliams;Turbulent-Froyo7352
jankyperson;Turbulent-Froyo7352
jmona789;Turbulent-Froyo7352
CleverBumble;Turbulent-Froyo7352
zztop610;Turbulent-Froyo7352
mstr_blue;Turbulent-Froyo7352
Otherwise_Parking817;Turbulent-Froyo7352
flubluflu2;Turbulent-Froyo7352
drretromanreturns;Turbulent-Froyo7352
Surround_Just;Turbulent-Froyo7352
SemiRobotic;Turbulent-Froyo7352
Antique_Meeting2333;Turbulent-Froyo7352
AloneTIGET204;Turbulent-Froyo7352
Chatbotfriends;Turbulent-Froyo7352
OrganizationAdept365;Turbulent-Froyo7352
AnimalShithouse;Turbulent-Froyo7352
Fabznz;Turbulent-Froyo7352
Creative_Security_65;Turbulent-Froyo7352
dr_merkwerdigliebe;Turbulent-Froyo7352
reigorius;Turbulent-Froyo7352
guardianiron4829;Turbulent-Froyo7352
LeEpicBlob;Turbulent-Froyo7352
noaibot;Turbulent-Froyo7352
VigilStudios;Turbulent-Froyo7352
TheShroomHermit;Turbulent-Froyo7352
Snoo-92689;Turbulent-Froyo7352
pingwing;Turbulent-Froyo7352
t_shirtnshorts11;Turbulent-Froyo7352
fpena06;Turbulent-Froyo7352
SirLordTheThird;Turbulent-Froyo7352
Yayimlonely;Turbulent-Froyo7352
Javamac8;Turbulent-Froyo7352
Gullible_Ad5191;Turbulent-Froyo7352
matali;Turbulent-Froyo7352
Practical-Sir-441;Turbulent-Froyo7352
don_poky;Turbulent-Froyo7352
Cheems63;Turbulent-Froyo7352
jaschen;Turbulent-Froyo7352
Enough-Confidence-18;Turbulent-Froyo7352
SlopDonkeyz;Turbulent-Froyo7352
Th3Kingslay3r;Turbulent-Froyo7352
LonelyRecognition829;Turbulent-Froyo7352
rman-exe;Turbulent-Froyo7352
fbyrvnjtvyf;Turbulent-Froyo7352
uxdever;Turbulent-Froyo7352
OzzieDJai;Turbulent-Froyo7352
bikingfury;Turbulent-Froyo7352
Hygro;Turbulent-Froyo7352
onefjef;Turbulent-Froyo7352
crappleIcrap;Turbulent-Froyo7352
AvocadoSea242;Turbulent-Froyo7352
KoolyTheBear;Turbulent-Froyo7352
Up_Yours_Children;Turbulent-Froyo7352
r_u_okay_no;Turbulent-Froyo7352
Yourbubblestink;Turbulent-Froyo7352
laxxle;Turbulent-Froyo7352
AdmirableVanilla1;tuseroni
LOGSLAUG;tuseroni
DisasterAwareness;tussockypanic
dimsumham;tussockypanic
silver_linning22;TVC15Technician
johnnyblaze1999;TVC15Technician
gooberrygumdrops;Typical_Strategy6382
Turbulent-Froyo7352;ugiflezet
UltimateWager;UltimateWager
HauntedHouseMusic;UltimateWager
MotionTwelveBeeSix;Unknownhamlyn
None;Unknownhamlyn
Ornery_Watercress_43;Unknownhamlyn
AutoModerator;UpBeatCOLT7493
behsiu;UpBeatCOLT7493
StoneOkra;UpBeatCOLT7493
raxrb;urpoviswrong
Riegel_Haribo;usanextdoor
The-Rice-Boi;username6213
sommersj;utopista114
ShotgunProxy;uxjw
ImMrtaL;uxjw
FluffyDragonHeads;vad_er13
AutoModerator;vadympk
Riegel_Haribo;vadympk
behsiu;vadympk
ShiggnessKhan;Vaeon
DiscordAccordion;Vaeon
StayingAwake100;Vaeon
The_Purfected_Shot;Vaeon
GreasyExamination;Vaeon
tatojah;Vaeon
sophiaquestions;verticalplanes
Philipp;very_cultured_man
LayLowMoesDavid;vicky_emuk
GratuitousEdit;vidrageon
WithoutReason1729;vidrageon
RCMW181;vineyardmike
polynomials;Virtual-Caregiver232
mimavox;Virtual-Caregiver232
ShotgunProxy;virtualmusicarts
jtaylor3rd;VirusZer0
methreweway;vivalosabortionistas
AutoModerator;vnpttl
vnpttl;vnpttl
behsiu;vnpttl
ShyGiirll;VoltronicEnergy
Shloomth;VoltronicEnergy
katatondzsentri;VoltronicEnergy
TowerOfBabblingOn;VoltronicEnergy
MachineOmen;VoltronicEnergy
olmek7;VoltronicEnergy
hesiod2;VoltronicEnergy
jlaw54;wad11656
Norfuer;Walking-HR-Violation
bobbobbobbobbob2020;Walking-HR-Violation
Ramuh321;Walking-HR-Violation
Stinger86;walnut5
EightyDollarBill;walnut5
BoboXDGamer;Walter-White-Senior
AdRepresentative2263;WarmSignificance1
alexiuss;WarmSignificance1
TryingToBeHere;Wash_Your_Bed_Sheets
Altair_Khalid;Wash_Your_Bed_Sheets
c4virus;Wash_Your_Bed_Sheets
brandonennz;West_Layer9364
dulipat;West_Layer9364
AutoModerator;WheresTheEggsAt
Ancquar;WheresTheEggsAt
Vplay3;WheresTheEggsAt
rockos21;WheresTheEggsAt
DeathCeaser101;WheresTheEggsAt
garden-ninja;WheresTheEggsAt
quantumphaze;WheresTheEggsAt
Grasshopper_Clan;WheresTheEggsAt
bodnast;WheresTheEggsAt
toothpastespiders;WheresTheEggsAt
Suspicious-Box-;WheresTheEggsAt
saraseitor;WheresTheEggsAt
saraseitor;WheresTheEggsAt
DiFroggy;WheresTheEggsAt
therealdivs1210;WheresTheEggsAt
Chroderos;WheresTheEggsAt
UltimateWager;WheresTheEggsAt
behsiu;WheresTheEggsAt
garden-ninja;WheresTheEggsAt
Retro_Item;WheresTheEggsAt
mratlantaman1;WheresTheEggsAt
MadBl1ss-;WheresTheEggsAt
Smooth_Ad2539;WheresTheEggsAt
retsamerol;WheresTheEggsAt
BackForMore666;WheresTheEggsAt
HyruleCat420;WheresTheEggsAt
GwynnethPoultry;WheresTheEggsAt
Bob_Hydrocarbon;WheresTheEggsAt
Acoustic-Sky;WheresTheEggsAt
TheBehavingBeaver;WheresTheEggsAt
mrpaulomendoza;WheresTheEggsAt
Impressive-Ad6400;WheresTheEggsAt
JonasCanada;WheresTheEggsAt
jaxbchchrisjr;WheresTheEggsAt
RainbowOni;WheresTheEggsAt
jadams2345;WheresTheEggsAt
Primary-Medium8717;WheresTheEggsAt
ClassicBeach9498;WheresTheEggsAt
BlackoutAtApplebees;WheresTheEggsAt
notoriousbpg;WheresTheEggsAt
NateinOregon;WheresTheEggsAt
Hid3out;WheresTheEggsAt
RnotSPECIALorUNIQUE;WheresTheEggsAt
32doors;WheresTheEggsAt
LittleG0d;WheresTheEggsAt
LTxDANxICEcream;WheresTheEggsAt
None;WheresTheEggsAt
Admirable-Peanut-851;WheresTheEggsAt
HaOrbanMaradEnMegyek;WheresTheEggsAt
PlanBbytheSea;WheresTheEggsAt
Gl_drink_0117;WheresTheEggsAt
Hazilon;WheresTheEggsAt
seaniebuckets;WheresTheEggsAt
Sweg_lel;WheresTheEggsAt
jterwin;WheresTheEggsAt
giraffe111;WheresTheEggsAt
throwaway129655;WheresTheEggsAt
Kodiak_Media;WheresTheEggsAt
BurningPage;WheresTheEggsAt
axesthefirst;WheresTheEggsAt
Unbothereddddaf_;WheresTheEggsAt
lazy_elfs;WheresTheEggsAt
Agnionfire;WheresTheEggsAt
andreabarbato;WheresTheEggsAt
Prattle_Snake;WheresTheEggsAt
TAastronautsloth99;WheresTheEggsAt
Minetorpia;WheresTheEggsAt
Previous-Present-639;WheresTheEggsAt
SiCkTeNTiAL;WheresTheEggsAt
LEGO_Man2YT;WheresTheEggsAt
ZincLeadAlloy;WheresTheEggsAt
Slow-Bookkeeper7486;WheresTheEggsAt
FightingChinchilla;WheresTheEggsAt
Utingui;WheresTheEggsAt
Dxmmer;WheresTheEggsAt
Wishfullizards;WheresTheEggsAt
Ok_Silver_7282;WheresTheEggsAt
Pep77;WheresTheEggsAt
WarmSpell8058;WheresTheEggsAt
New_Dom2023;WheresTheEggsAt
iamnotaspy_either;WheresTheEggsAt
DoubleManufacturer10;WheresTheEggsAt
AutoModerator;whosEFM
NerdyBurner;whosEFM
Lukimcsod;whosEFM
01-__-10;WhosTheDumbOne
stonktraders;WhosTheDumbOne
deniercounter;WhosTheDumbOne
bugi_;WhosTheDumbOne
baron_barrel_roll;willowhawk
sadelpenor;willowhawk
LimpFroyo;WithoutReason1729
raxrb;wolfpack_grad
BunchCheap7490;wolfstaa
Severedghost;Wopnick
AutoModerator;workinthe21st
AutoModerator;workinthe21st
UltimateWager;workinthe21st
behsiu;workinthe21st
id278437;workinthe21st
#NAZWA?;workinthe21st
Novacc_Djocovid;workinthe21st
drjaychou;workinthe21st
LocksmithPleasant814;xCyn1cal0wlx
Chatbotfriends;xeonicus
8-16_account;xTruegloryx
Barinitall;XxGod_fucker69xX
sadelpenor;Xxyz260
curbstompery;Xxyz260
TacticaLuck;Xxyz260
intrepidnonce;yagami_raito23
EightyDollarBill;yeet-im-bored
CulturedNiichan;YeshkinKotspy
International_Ad5667;Yhul
AutoModerator;Yimpa_aum
behsiu;Yimpa_aum
2749;Yimpa_aum
No-Interest-8902;Yimpa_aum
LocksmithPleasant814;Yimpa_aum
lalaluu666;Yimpa_aum
AutoModerator;YourDailyUwU
AutoModerator;YourDailyUwU
siliconesoul;YourDailyUwU
siliconesoul;YourDailyUwU
riverdoggg;YourDailyUwU
behsiu;YourDailyUwU
Flimsy-Tell5161;YourDailyUwU
ShiftAndWitch;YourDailyUwU
eggdog0;YourDailyUwU
IaryBreko;YourDailyUwU
151N;Yuli-Ban
Avoidlol;Yuvalk1
plushraccoon;zabby39103
grammerpolice3;ZemDregon
tyqe;zeronyx
lost-mars;zhoushmoe
Wack0Wizard;zhoushmoe
_MissionControlled_;zhoushmoe
ViperAMD;zhoushmoe
fancyhumanxd;zhoushmoe
AutoModerator;zirize
behsiu;zirize
Fl333r;Znuffles_
Rimm9246;Znuffles_
Ryfter;Zulfiqaar
mimavox;Zulfiqaar
minertyler100;Zulfiqaar
