0,Im__Joseph
1,gogolang,Im__Joseph
2,lucafaggia,gogolang
3,gogolang,lucafaggia
1,SimonL169,Im__Joseph
2,artificialwalnut,SimonL169
3,SimonL169,artificialwalnut
1,theogognf,Im__Joseph
1,FlexMeta,Im__Joseph
2,donotbefamous,FlexMeta
3,FlexMeta,donotbefamous
1,PerfectAd3630,Im__Joseph
1,lucafaggia,Im__Joseph
1,McUpt,Im__Joseph
1,Justryingoutreddit,Im__Joseph
1,BlindGibbon,Im__Joseph
1,HydroBlade-,Im__Joseph
1,_massif_,Im__Joseph
1,Skindkort,Im__Joseph
1,Acheron2194,Im__Joseph
1,Top-Association-4791,Im__Joseph
1,ConcerningBucketHat,Im__Joseph
1,clarinetistpro,Im__Joseph
1,WarDris,Im__Joseph
1,PurpleAnalysis6660,Im__Joseph
0,Im__Joseph
1,MoNomoRo,Im__Joseph
0,onurbaltaci
1,gam32bit,onurbaltaci
2,onurbaltaci,gam32bit
1,rtphokie,onurbaltaci
2,onurbaltaci,rtphokie
3,rtphokie,onurbaltaci
2,onurbaltaci,rtphokie
3,rtphokie,onurbaltaci
1,runawayasfastasucan,onurbaltaci
2,onurbaltaci,runawayasfastasucan
0,Spiritual_Cattle_969
1,In_Blue_Skies,Spiritual_Cattle_969
1,ejpusa,Spiritual_Cattle_969
2,CaptainCapitol,ejpusa
3,AssHypnotized,CaptainCapitol
0,sxvbaka
1,jdehesa,sxvbaka
2,sxvbaka,jdehesa
1,pythonic-pear,sxvbaka
2,sxvbaka,pythonic-pear
1,jdehesa,sxvbaka
2,sxvbaka,jdehesa
1,Legendary-69420,sxvbaka
2,betazoid_one,Legendary-69420
3,sxvbaka,betazoid_one
2,sxvbaka,Legendary-69420
3,shadowknight094,sxvbaka
1,ApacheConscript,sxvbaka
2,jdehesa,ApacheConscript
3,sxvbaka,jdehesa
2,sxvbaka,ApacheConscript
3,The_Unique_Name,sxvbaka
1,PeZet2,sxvbaka
2,sxvbaka,PeZet2
3,PeZet2,sxvbaka
1,PeZet2,sxvbaka
2,sxvbaka,PeZet2
1,sievold,sxvbaka
1,smooshingpumpkins,sxvbaka
1,Kitchen_Drawer_9406,sxvbaka
1,RELIN-Q,sxvbaka
0,CyberWiz42
1,KingsmanVince,CyberWiz42
2,CyberWiz42,KingsmanVince
0,OutrageousMinute1247
1,AutoModerator,OutrageousMinute1247
1,KingsmanVince,OutrageousMinute1247
2,OutrageousMinute1247,KingsmanVince
3,KingsmanVince,OutrageousMinute1247
1,Guavifo,OutrageousMinute1247
2,OutrageousMinute1247,Guavifo
3,Guavifo,OutrageousMinute1247
1,stking68,OutrageousMinute1247
1,innovatekit,OutrageousMinute1247
2,OutrageousMinute1247,innovatekit
0,dask-jeeves
1,tedivm,dask-jeeves
2,ninjadude93,tedivm
3,dask-jeeves,ninjadude93
3,kamon405,ninjadude93
2,dask-jeeves,tedivm
3,tedivm,dask-jeeves
2,dask-jeeves,tedivm
1,RestauradorDeLeyes,dask-jeeves
2,dask-jeeves,RestauradorDeLeyes
3,a1brit,dask-jeeves
3,tecedu,dask-jeeves
3,graphicteadatasci,dask-jeeves
2,dudinax,RestauradorDeLeyes
1,Saphyel,dask-jeeves
2,dask-jeeves,Saphyel
1,pysk00l,dask-jeeves
2,TobiPlay,pysk00l
2,TobiPlay,pysk00l
3,dask-jeeves,TobiPlay
2,dask-jeeves,pysk00l
1,ParsleyMost,dask-jeeves
1,Fledgeling,dask-jeeves
1,Audience-Electrical,dask-jeeves
2,dask-jeeves,Audience-Electrical
3,tedivm,dask-jeeves
3,Audience-Electrical,dask-jeeves
1,ShakataGaNai,dask-jeeves
2,dask-jeeves,ShakataGaNai
1,johntellsall,dask-jeeves
1,tellurian_pluton,dask-jeeves
2,dask-jeeves,tellurian_pluton
3,CrossroadsDem0n,dask-jeeves
1,jTiKey,dask-jeeves
2,dask-jeeves,jTiKey
1,NoisyFrequency,dask-jeeves
1,GreenScarz,dask-jeeves
1,BosonCollider,dask-jeeves
0,albeXL
1,glacierre2,albeXL
2,albeXL,glacierre2
3,glacierre2,albeXL
2,Effective_Nose_7434,glacierre2
0,BGGFetcherBot
1,skeerp,BGGFetcherBot
2,BGGFetcherBot,skeerp
0,python4geeks
1,super_delegate,python4geeks
2,python4geeks,super_delegate
0,ajpinedam
1,exponant,ajpinedam
0,RohakJain
1,moribunda,RohakJain
2,jeasneas,moribunda
2,RohakJain,moribunda
2,Hias2019,moribunda
3,NickShiell,Hias2019
2,Acrobatic-Artist9730,moribunda
2,MoistureFarmersOmlet,moribunda
1,NameNumber7,RohakJain
1,inspiringtruffle,RohakJain
2,Xaaw,inspiringtruffle
2,TheTankCleaner,inspiringtruffle
3,inspiringtruffle,TheTankCleaner
2,5vvx4,inspiringtruffle
3,jjolla888,5vvx4
3,Xaaw,5vvx4
1,bioboomed,RohakJain
1,zenani,RohakJain
1,etherealenergy,RohakJain
1,Isthiscreativeenough,RohakJain
1,Shub_rz,RohakJain
1,SpecialistInevitable,RohakJain
1,oldgrumpygeek,RohakJain
1,ok123jump,RohakJain
1,Interesting_Flow730,RohakJain
0,Ono_Sureiya
1,KingsmanVince,Ono_Sureiya
0,VesZappa
1,HEHENSON,VesZappa
1,chub79,VesZappa
2,zurtex,chub79
3,chub79,zurtex
2,HardCounter,chub79
1,trollsmurf,VesZappa
2,aqpstory,trollsmurf
3,HardCounter,aqpstory
3,trollsmurf,aqpstory
2,VesZappa,trollsmurf
2,cr125rider,trollsmurf
1,UloPe,VesZappa
2,Zomunieo,UloPe
3,littlemetal,Zomunieo
3,UloPe,Zomunieo
3,PhitPhil,Zomunieo
2,jmcs,UloPe
3,JamzTyson,jmcs
2,Tweak_Imp,UloPe
3,SittingWave,Tweak_Imp
3,ablativeyoyo,Tweak_Imp
3,jsabater76,Tweak_Imp
3,liquidpele,Tweak_Imp
2,Bunslow,UloPe
2,lbcadden3,UloPe
2,BakGikHung,UloPe
3,227CAVOK,BakGikHung
1,dcbrown73,VesZappa
2,FruscianteDebutante,dcbrown73
3,PlausibleNinja,FruscianteDebutante
1,Swedneck,VesZappa
1,corbasai,VesZappa
1,BakGikHung,VesZappa
2,227CAVOK,BakGikHung
3,HardCounter,227CAVOK
2,Zomunieo,BakGikHung
3,BakGikHung,Zomunieo
1,D34thToBlairism,VesZappa
1,BigTradeDeal69_420,VesZappa
2,gr4viton,BigTradeDeal69_420
1,timrichardson,VesZappa
1,None,VesZappa
2,littlemetal,None
0,pieca_111
1,hallistates,pieca_111
2,pieca_111,hallistates
3,hallistates,pieca_111
0,srandrews
1,cruelbankai,srandrews
0,SOTP_
0,0ut0flin3
0,albeXL
0,Bunslow
1,Spleeeee,Bunslow
2,Bunslow,Spleeeee
3,PeridexisErrant,Bunslow
1,Bunslow,Bunslow
2,commandlineluser,Bunslow
1,Tinche_,Bunslow
0,albeXL
1,TheGodfatherCC,albeXL
2,NeilGirdhar,TheGodfatherCC
3,TheGodfatherCC,NeilGirdhar
2,quts3,TheGodfatherCC
3,TheGodfatherCC,quts3
1,guyfrom7up,albeXL
1,NeilGirdhar,albeXL
1,YnkDK,albeXL
2,NeilGirdhar,YnkDK
3,YnkDK,NeilGirdhar
2,albeXL,YnkDK
3,YnkDK,albeXL
3,SittingWave,albeXL
0,amalinovic
1,ClassicHome1348,amalinovic
0,GoRules
1,osmiumouse,GoRules
0,momegas
