0,AutoModerator
1,SabertuthSquirrel,AutoModerator
2,MlssGreen,SabertuthSquirrel
3,SabertuthSquirrel,MlssGreen
1,lavakarate,AutoModerator
1,Objective_Mousse_684,AutoModerator
0,AutoModerator
1,SquabOnAStick,AutoModerator
1,75footubi,AutoModerator
0,somnamomma
1,AutoModerator,somnamomma
1,kingpatzer,somnamomma
2,NiceSkynet,kingpatzer
3,new2bay,NiceSkynet
2,SpectatorRacing,kingpatzer
3,Tyl3rt,SpectatorRacing
2,Tyl3rt,kingpatzer
2,will042082,kingpatzer
3,Maximum-Mixture6158,will042082
2,HighSpeed556,kingpatzer
3,kingpatzer,HighSpeed556
1,Tayzerbeam,somnamomma
2,Unable_Crab_7543,Tayzerbeam
1,threefrogsonalog,somnamomma
2,somnamomma,threefrogsonalog
3,threefrogsonalog,somnamomma
3,crashumbc,somnamomma
3,WrapDiligent9833,somnamomma
3,MayuMayhem,somnamomma
2,Myself_Platinum,threefrogsonalog
2,SomethingsItchy,threefrogsonalog
3,threefrogsonalog,SomethingsItchy
3,np20412,SomethingsItchy
1,_dankystank_,somnamomma
2,somnamomma,_dankystank_
3,rashmallow,somnamomma
3,RawrRawr83,somnamomma
1,Lighter02,somnamomma
1,Crazyboutdogs,somnamomma
2,Emergency-Nebula5005,Crazyboutdogs
1,little_traveler,somnamomma
1,PuzzleheadedOne1428,somnamomma
2,somnamomma,PuzzleheadedOne1428
3,PuzzleheadedOne1428,somnamomma
3,vashta_nerada49,somnamomma
3,BeeBench,somnamomma
2,Ornery-Ad-4818,PuzzleheadedOne1428
1,camelCaseSpace,somnamomma
1,Educational-Ad-4400,somnamomma
1,Informal_Parsnip3920,somnamomma
1,Old_Owl4601,somnamomma
1,AmateurHunter,somnamomma
2,Potential-Section107,AmateurHunter
2,hiphopanonymess,AmateurHunter
3,ChrissyMB77,hiphopanonymess
1,Over_Resolution_1590,somnamomma
1,iluvcats17,somnamomma
2,klynnef316,iluvcats17
1,Dear_Perspective_540,somnamomma
2,kaidaho,Dear_Perspective_540
1,teadiumvitae237,somnamomma
1,dogmom603,somnamomma
1,Donald_J_Putin,somnamomma
1,Puzzleheaded_Age6550,somnamomma
1,hiphopanonymess,somnamomma
2,justhereforthekittys,hiphopanonymess
3,hiphopanonymess,justhereforthekittys
1,Dense-Law-7683,somnamomma
1,capitanafantastic,somnamomma
1,capitanafantastic,somnamomma
1,ChrissyMB77,somnamomma
1,soggysocks6123,somnamomma
1,Ancient_Guidance_461,somnamomma
1,TinCanSailor987,somnamomma
1,wanie444,somnamomma
1,Raeko,somnamomma
2,HereticVendetta,Raeko
3,Raeko,HereticVendetta
1,Fareeday,somnamomma
2,psychicthis,Fareeday
2,69CrustyNipple69,Fareeday
3,None,69CrustyNipple69
1,exotics,somnamomma
1,purfectluv,somnamomma
1,Pand0ra30_,somnamomma
1,CzechYourDanish,somnamomma
1,oncnursekatie,somnamomma
1,wholesomehabits,somnamomma
1,Rapidpacelighttug,somnamomma
1,NiceSkynet,somnamomma
1,Stuff-Dangerous,somnamomma
1,Drake_Acheron,somnamomma
1,rodupu,somnamomma
1,mz_45678,somnamomma
1,sheisthemoon,somnamomma
1,Witchy-toes-669,somnamomma
1,newengland_explorer,somnamomma
1,xjvmyr,somnamomma
1,Desperate-Lobster-59,somnamomma
1,Thejenshow_01,somnamomma
1,Reasonable-Ad-658,somnamomma
1,Socksgonewrong,somnamomma
1,griff_girl,somnamomma
1,babyfresno77,somnamomma
1,AllieSylum,somnamomma
1,dragonbreathLols,somnamomma
1,Dependent-Baby-1585,somnamomma
1,Dependent-Baby-1585,somnamomma
1,shaarkbaiit,somnamomma
1,psychodelictoad,somnamomma
1,DonaldBumpJr,somnamomma
0,fuzziestbunny
1,Wandering_Lights,fuzziestbunny
1,sistermarypolyesther,fuzziestbunny
2,fuzziestbunny,sistermarypolyesther
1,greenmangolassi,fuzziestbunny
1,igglesfangirl,fuzziestbunny
2,fuzziestbunny,igglesfangirl
1,karebear66,fuzziestbunny
1,UltraViolence77,fuzziestbunny
1,melmarinara,fuzziestbunny
1,shamwowguyisalegend,fuzziestbunny
1,brdglanqeuen,fuzziestbunny
1,ApprehensiveBuy9348,fuzziestbunny
1,Zwierzycki,fuzziestbunny
1,SnooMuffins3146,fuzziestbunny
1,eisojosie,fuzziestbunny
1,physalopteraptor,fuzziestbunny
1,arianetralala,fuzziestbunny
1,ManufacturerWide5340,fuzziestbunny
1,Germanmaedl,fuzziestbunny
1,Lyra555,fuzziestbunny
1,L372,fuzziestbunny
1,Jpalin6,fuzziestbunny
1,rafaelhgtzlotr,fuzziestbunny
1,Necrid41,fuzziestbunny
1,Dependent-Baby-1585,fuzziestbunny
1,snookums_mcgee,fuzziestbunny
1,DeepSpaceGalileo,fuzziestbunny
0,need_a_venue
1,AutoModerator,need_a_venue
1,apri11a,need_a_venue
2,need_a_venue,apri11a
1,memreows,need_a_venue
2,need_a_venue,memreows
1,Madden63,need_a_venue
1,GetaBrainMoran,need_a_venue
1,Dependent-Baby-1585,need_a_venue
1,chunkyjunkymonkey28,need_a_venue
0,0000001meow
1,AutoModerator,0000001meow
1,RohanWarden,0000001meow
2,sketchy_ppl,RohanWarden
2,Zestyclothes,RohanWarden
2,FunkyPete,RohanWarden
2,MicroLapua338,RohanWarden
2,memreows,RohanWarden
2,saberwolfbeast,RohanWarden
2,seasonalblues,RohanWarden
2,cloudsinmyheadxo,RohanWarden
2,CoffeeDogsandSims,RohanWarden
2,Coco_in_a_skirt,RohanWarden
1,Neither_More,0000001meow
2,tikirafiki,Neither_More
3,Neither_More,tikirafiki
3,infamouschicken,tikirafiki
2,0000001meow,Neither_More
2,That-Breath-5785,Neither_More
2,dat_kass,Neither_More
1,ASleepandAForgetting,0000001meow
2,0000001meow,ASleepandAForgetting
2,IncompletePenetrance,ASleepandAForgetting
3,ASleepandAForgetting,IncompletePenetrance
2,mag274,ASleepandAForgetting
3,ASleepandAForgetting,mag274
2,aubaub,ASleepandAForgetting
1,CaterpillarWitch,0000001meow
2,anonymousafterall,CaterpillarWitch
2,Reindeerdietitian,CaterpillarWitch
1,jindobunny,0000001meow
1,badwarhol,0000001meow
1,oldenough2bakid,0000001meow
2,0000001meow,oldenough2bakid
1,snowishness,0000001meow
1,BogBabe,0000001meow
2,0000001meow,BogBabe
1,ControlAlarmed1736,0000001meow
1,Capybara_88,0000001meow
2,MicroLapua338,Capybara_88
1,Cursethewind,0000001meow
1,Lieve_Dove,0000001meow
1,dragonsofliberty,0000001meow
2,bf9921,dragonsofliberty
3,dragonsofliberty,bf9921
1,pmllny,0000001meow
1,TearsUnfthmblSdnes,0000001meow
2,mydogbill,TearsUnfthmblSdnes
1,lpad92,0000001meow
1,RectangularRaddish,0000001meow
1,CatpeeJasmine,0000001meow
2,0000001meow,CatpeeJasmine
1,nothanksyouidiot,0000001meow
2,ScientificSquirrel,nothanksyouidiot
3,nothanksyouidiot,ScientificSquirrel
2,Ani_Infijar,nothanksyouidiot
1,cheesemongrel938491,0000001meow
2,randomname1416,cheesemongrel938491
3,cheesemongrel938491,randomname1416
1,Mgg885,0000001meow
1,Hei-Ying,0000001meow
1,Maverick8525,0000001meow
1,ridebiker37,0000001meow
1,bf9921,0000001meow
1,kiwi1325,0000001meow
1,Ok-Banana-7777,0000001meow
1,LordessCass,0000001meow
1,HollywoodThrill,0000001meow
1,twomuttsandashowdog,0000001meow
2,optimistic_sunflower,twomuttsandashowdog
3,twomuttsandashowdog,optimistic_sunflower
1,FragrantFeed4346,0000001meow
1,sparksmcdarks,0000001meow
1,UnderwaterKahn,0000001meow
1,LemonFantastic513,0000001meow
1,Sikelgaita1,0000001meow
1,bolting_volts,0000001meow
1,Alleira_red,0000001meow
1,JStanten,0000001meow
1,facedspectacle,0000001meow
1,Desperate-Lobster-59,0000001meow
1,zzid2d21,0000001meow
1,Somelier1234,0000001meow
1,littlegnat,0000001meow
2,Zayinked,littlegnat
1,uptheirons726,0000001meow
1,HSpears,0000001meow
1,Socksgonewrong,0000001meow
1,Bulky-Actuator-9475,0000001meow
1,North_Refrigerator21,0000001meow
1,improper84,0000001meow
1,buzzfeed_sucks,0000001meow
1,ZucchiniPresent7611,0000001meow
1,DCNAST,0000001meow
1,Seven_spare_ribs,0000001meow
1,Songshiquan0411,0000001meow
1,prettyhighrntbh,0000001meow
1,Puzzleheaded_Age6550,0000001meow
1,Gur-Icy,0000001meow
1,FrostyBallBag,0000001meow
1,theycallmeMiriam,0000001meow
1,sockmonkeymoney,0000001meow
1,bookworm1421,0000001meow
1,PoppetFFN,0000001meow
1,Melis725,0000001meow
1,R_Dixon,0000001meow
1,0ui_n0n,0000001meow
1,Obarmate,0000001meow
1,ManufacturerWide5340,0000001meow
1,YoungGrassahsh,0000001meow
1,Wandering_Lights,0000001meow
1,CrustyWaffle2819,0000001meow
1,Sensitiverock85,0000001meow
1,showmeyourbirds,0000001meow
1,amart005,0000001meow
1,VeganMinx,0000001meow
1,Beautiful_Rhubarb,0000001meow
1,Interesting-Long-534,0000001meow
1,radioactivemozz,0000001meow
1,GhostNappa101,0000001meow
1,sp1d3_b0y,0000001meow
1,Acceptable_Bad5173,0000001meow
1,Shake_It_Sugaree,0000001meow
1,theamydoll,0000001meow
1,Agitated_House7523,0000001meow
1,Nibbles--,0000001meow
1,Chattbug,0000001meow
1,Darling_kylie,0000001meow
1,Starlit-Sage,0000001meow
1,Magnolia05,0000001meow
1,Jenniferinfl,0000001meow
1,Tyl3rt,0000001meow
1,Eve_N_Starr,0000001meow
1,pootypie,0000001meow
1,InnocuousFantasy,0000001meow
1,WizardLizard98,0000001meow
1,bluisy1,0000001meow
1,shutup_you_dick,0000001meow
1,bornforthis379,0000001meow
1,CanineSnackBitch,0000001meow
1,DMMEURCATPICS,0000001meow
1,PistachioPerfection,0000001meow
1,JourSans,0000001meow
1,hapa79,0000001meow
1,Novel-Cash-8001,0000001meow
1,senoj96nodnarb,0000001meow
1,SierraMemes25,0000001meow
1,kmf1107,0000001meow
1,MatthewM69420,0000001meow
1,AilanthusHydra,0000001meow
1,Draydaze67,0000001meow
1,OnlySandpiper,0000001meow
1,clairepeac,0000001meow
1,AppyPitts06,0000001meow
1,K1ttyMeowMeows,0000001meow
1,Brains4Beauty,0000001meow
1,Adidiron,0000001meow
1,Wonderful-Poem7813,0000001meow
1,Grand_unLawfulness,0000001meow
1,HikingHarpy,0000001meow
1,AntiSnoringDevice,0000001meow
1,riseofthephoenix1108,0000001meow
1,hexenfern,0000001meow
1,Loose-Ad-1122,0000001meow
1,Frictus,0000001meow
1,purpledinosaur2021,0000001meow
1,disco-banjo,0000001meow
1,StinkyChipmunk,0000001meow
1,badgersssss,0000001meow
1,Dry-Clock-1470,0000001meow
1,louby25,0000001meow
1,YogiMutoh,0000001meow
1,tangled_up_in_glue,0000001meow
1,engtank71,0000001meow
1,Particular-Host-2604,0000001meow
1,Huytonblue,0000001meow
1,OceanSmoker,0000001meow
1,belongtotherain,0000001meow
1,flowpants,0000001meow
1,Coco_in_a_skirt,0000001meow
0,KittyCannes
1,AutoModerator,KittyCannes
1,JoCalvinator,KittyCannes
1,FrostyBallBag,KittyCannes
1,Dependent-Baby-1585,KittyCannes
0,nomoreMe_666
1,AutoModerator,nomoreMe_666
1,Silver_Policy_3673,nomoreMe_666
1,Spare_Dance,nomoreMe_666
1,RosebudWhip,nomoreMe_666
1,Dependent-Baby-1585,nomoreMe_666
0,zolstarym
1,ufc205nyc,zolstarym
2,zolstarym,ufc205nyc
3,ufc205nyc,zolstarym
3,possum_mouf,zolstarym
3,hoppityhoppity,zolstarym
3,dan1d1,zolstarym
3,Big-Tomatillo-5920,zolstarym
3,ntice1842,zolstarym
3,snafu_going_fubar,zolstarym
2,zolstarym,ufc205nyc
2,stardewsweetheart,ufc205nyc
2,AcapellaFreakout,ufc205nyc
1,84849493,zolstarym
1,Lyre_Fenris,zolstarym
2,zolstarym,Lyre_Fenris
3,Lyre_Fenris,zolstarym
2,iamuncomfortablynumb,Lyre_Fenris
2,snafu_going_fubar,Lyre_Fenris
2,UltraViolence77,Lyre_Fenris
1,kalei50,zolstarym
1,fancygoldfishfrog,zolstarym
1,Chaucers_Mistress,zolstarym
1,MyDogsMom2022,zolstarym
1,zolstarym,zolstarym
1,MicroLapua338,zolstarym
2,zolstarym,MicroLapua338
3,MicroLapua338,zolstarym
3,ReferenceSufficient,zolstarym
1,RECreationsByDon,zolstarym
1,Many-Status-6601,zolstarym
1,Cynnau,zolstarym
2,zolstarym,Cynnau
3,Cynnau,zolstarym
1,Relevant_Ad7077,zolstarym
1,Worldly_Newspaper_79,zolstarym
1,2manyfelines,zolstarym
1,DustinDeWind,zolstarym
1,theweird_blonde,zolstarym
1,catherineriz25,zolstarym
1,Acrobatic_Question65,zolstarym
1,EComMichael,zolstarym
1,CompanionCone,zolstarym
1,harpervn,zolstarym
2,zolstarym,harpervn
3,harpervn,zolstarym
1,ilaughatjokes,zolstarym
1,Nyc_throwit2me,zolstarym
1,Salty_Reach1385,zolstarym
2,zolstarym,Salty_Reach1385
3,Salty_Reach1385,zolstarym
1,tsizzlemanc,zolstarym
2,zolstarym,tsizzlemanc
1,sleepynonsense,zolstarym
1,Schmliza,zolstarym
1,atlienk,zolstarym
1,frogfanatic2023,zolstarym
1,Frescanation,zolstarym
1,SuRRtur,zolstarym
1,ScandelousZbeth,zolstarym
1,outstanding_move_ko,zolstarym
1,BamBam-BamBam,zolstarym
1,Offrostandflame,zolstarym
1,Informationlporpoise,zolstarym
2,zolstarym,Informationlporpoise
3,Informationlporpoise,zolstarym
1,eleaanne,zolstarym
1,indicasour215,zolstarym
1,escascpis,zolstarym
1,Jay_Peetz,zolstarym
1,StrongChemical,zolstarym
1,ilovetacosandkittens,zolstarym
2,zolstarym,ilovetacosandkittens
3,ilovetacosandkittens,zolstarym
1,BeeWhispererIntern,zolstarym
2,zolstarym,BeeWhispererIntern
3,Pale-Refrigerator255,zolstarym
1,acid_rain98,zolstarym
2,zolstarym,acid_rain98
1,dph51,zolstarym
1,Anna_S_Anna,zolstarym
1,Early_Awareness_5829,zolstarym
1,Scuba_Steve_303,zolstarym
1,MariposaSunrise,zolstarym
1,siodei,zolstarym
1,JourSans,zolstarym
1,jengre,zolstarym
1,wormy37,zolstarym
1,morbidlonging,zolstarym
1,Timberlewis,zolstarym
1,QueensOfTheNoKnowAge,zolstarym
1,max_gooph,zolstarym
1,AbbreviationsNo2520,zolstarym
1,Tucks7,zolstarym
1,expiredchocomilk,zolstarym
1,1118DevilDog,zolstarym
1,Momo222811,zolstarym
1,Liszardd,zolstarym
1,suavesmom,zolstarym
1,ZarDoZ69X,zolstarym
1,Viscount61,zolstarym
1,Burnallthepages,zolstarym
1,Shelbz0422,zolstarym
1,Sbear111888,zolstarym
1,reddit-account-user,zolstarym
1,SilverProduce0,zolstarym
1,MassholeThings,zolstarym
1,kurayami95,zolstarym
1,emv518,zolstarym
2,zolstarym,emv518
1,JerseyTom1958,zolstarym
1,thiswitchisabitch,zolstarym
1,sweetsunshine530,zolstarym
1,MiaStarshine,zolstarym
1,Fair_Profile8501,zolstarym
2,zolstarym,Fair_Profile8501
3,Fair_Profile8501,zolstarym
1,pixieartgirl,zolstarym
2,zolstarym,pixieartgirl
3,pixieartgirl,zolstarym
1,brukabruka,zolstarym
1,DaBigDriver,zolstarym
1,Hnylamb,zolstarym
1,Weekly-Pickle-4421,zolstarym
1,Lyra555,zolstarym
2,zolstarym,Lyra555
1,flappergirl35,zolstarym
1,Iloveminicows,zolstarym
1,stump1010,zolstarym
2,zolstarym,stump1010
1,BoobieDixon1,zolstarym
1,Horacevonsnot,zolstarym
1,Big-Tomatillo-5920,zolstarym
1,Nobleteamsix,zolstarym
1,OkDish17,zolstarym
1,4840,zolstarym
1,Laelawright,zolstarym
2,zolstarym,Laelawright
1,cheekypantssjg,zolstarym
1,Willing-Bookkeeper21,zolstarym
1,janedoe3120,zolstarym
1,Furberia,zolstarym
1,recklessraven3,zolstarym
1,pimpletwist,zolstarym
1,Sweaty_Dot4539,zolstarym
1,Francine05,zolstarym
1,w0rx4me,zolstarym
1,dizzymylizzy,zolstarym
1,TheEveningDragon,zolstarym
1,2ndChanceAtLife,zolstarym
1,here4it280,zolstarym
1,mmnvv,zolstarym
1,ElJefe54,zolstarym
1,remijre,zolstarym
1,trashpanda8624,zolstarym
1,mz_45678,zolstarym
1,ablackwashere,zolstarym
1,BeesAndMist,zolstarym
2,zolstarym,BeesAndMist
3,BeesAndMist,zolstarym
1,4peaceinpieces,zolstarym
1,Aggravating-Gold-224,zolstarym
1,MakLLuF,zolstarym
1,RobotsAndCoffee,zolstarym
1,glennpowell,zolstarym
1,electricgas19,zolstarym
1,MiniAssassin171,zolstarym
1,wndr_dst,zolstarym
2,zolstarym,wndr_dst
1,theinattentivescribe,zolstarym
1,HellhoundsAteMyBaby,zolstarym
2,zolstarym,HellhoundsAteMyBaby
3,HellhoundsAteMyBaby,zolstarym
1,CoaliOliRavioli,zolstarym
1,my_clever-name,zolstarym
1,vac2672,zolstarym
1,1imejasan6,zolstarym
2,zolstarym,1imejasan6
3,1imejasan6,zolstarym
1,catn_ip,zolstarym
1,worldsinho,zolstarym
1,DanielaFromAitEile,zolstarym
1,oldsoulhere12,zolstarym
1,MontanaLamehack,zolstarym
1,j_mp,zolstarym
1,Varna266xp,zolstarym
1,LeRat0nLaveur,zolstarym
1,ChewableRobots,zolstarym
1,halfassedjackass,zolstarym
1,cooleymahn,zolstarym
1,repooc21,zolstarym
1,DragonEdge89,zolstarym
1,UnfairAd7220,zolstarym
1,nutmegnellie,zolstarym
1,thisthingwecalllife,zolstarym
1,EmuWasabi,zolstarym
1,The_flash91,zolstarym
2,zolstarym,The_flash91
1,Joyfulcacopheny,zolstarym
2,zolstarym,Joyfulcacopheny
1,meskeptical,zolstarym
1,AdRevolutionary2674,zolstarym
1,shaoOOlin,zolstarym
2,zolstarym,shaoOOlin
1,Ordinarygirl3,zolstarym
1,HopefulBandicoot8053,zolstarym
1,Mgnolry,zolstarym
1,Gabriella-Beauty,zolstarym
1,ViviOrnitier_,zolstarym
2,zolstarym,ViviOrnitier_
3,ViviOrnitier_,zolstarym
1,redassedchimp,zolstarym
1,Lanky_Pack_881,zolstarym
1,Fatfreddyscat67,zolstarym
1,hiliikkkusss,zolstarym
1,DrKatinka,zolstarym
1,Maverick8525,zolstarym
2,zolstarym,Maverick8525
3,Maverick8525,zolstarym
1,tbonerrevisited,zolstarym
1,Ihavebadreddit,zolstarym
1,Darkness_Voi6,zolstarym
2,Darkness_Voi6,Darkness_Voi6
1,sToRmY_is_sHe,zolstarym
1,MTROYALMAN,zolstarym
1,ACatinaFrogHat,zolstarym
1,Bella-1970,zolstarym
1,AngleFantastic1275,zolstarym
1,yikesbro_,zolstarym
1,JohnMilksBooth,zolstarym
1,Ultronomy,zolstarym
1,anyodan8675,zolstarym
1,ApricotCandid74,zolstarym
1,ntice1842,zolstarym
1,synthesizer96,zolstarym
1,Alert-Doughnut-9193,zolstarym
1,sequinsdress,zolstarym
1,chaseme1988,zolstarym
2,zolstarym,chaseme1988
3,chaseme1988,zolstarym
1,PopularBonus,zolstarym
1,tkemp1291,zolstarym
1,Fearless_Guidance476,zolstarym
1,hisanti,zolstarym
1,maribelle-,zolstarym
1,Illustrious_Lynx6387,zolstarym
2,zolstarym,Illustrious_Lynx6387
1,itsamezario,zolstarym
1,MidnightScott17,zolstarym
1,WilliamBoost,zolstarym
1,Dalisdoesthings,zolstarym
1,Antique-Complaint-94,zolstarym
1,SanLady27,zolstarym
1,PunkRock-Durian,zolstarym
1,truteki,zolstarym
1,FondleMyPancakes,zolstarym
1,shaunty89,zolstarym
1,ButterlessToast96,zolstarym
1,Whole-Brilliant5508,zolstarym
1,1EyE4ng3L,zolstarym
1,NefariousnessEasy629,zolstarym
1,deanet24,zolstarym
1,Ravi_myself,zolstarym
1,LiveHyena8431,zolstarym
1,Birdiewi,zolstarym
1,otterrx,zolstarym
1,irlandais9000,zolstarym
1,clotpole02,zolstarym
1,Cautious-Mammoth-171,zolstarym
1,MissMiaBelle,zolstarym
1,16Jen,zolstarym
1,laurenrj6486,zolstarym
1,Hunnidew,zolstarym
1,smallbus,zolstarym
1,AutoModerator,zolstarym
1,vivek2k12,zolstarym
1,LeftHandedBuddy,zolstarym
1,Maggiefox45_Glitter,zolstarym
1,rogueKlyntar,zolstarym
2,zolstarym,rogueKlyntar
1,Proser84,zolstarym
1,MobileNumber5551212,zolstarym
1,nectarofthegoddess,zolstarym
0,One-Carob-800
1,AutoModerator,One-Carob-800
0,hffhdhwjjdfhksdh
1,AutoModerator,hffhdhwjjdfhksdh
1,JStanten,hffhdhwjjdfhksdh
1,EndoShota,hffhdhwjjdfhksdh
0,MightPlus7543
1,AutoModerator,MightPlus7543
1,raccoongirlxx,MightPlus7543
1,breetome,MightPlus7543
1,Western-Ad-2904,MightPlus7543
2,MightPlus7543,Western-Ad-2904
1,Spirited-Hat-9854,MightPlus7543
1,Poodlewalker1,MightPlus7543
1,LuvKurobuta,MightPlus7543
1,vonnegutfan2,MightPlus7543
2,Smooth-Tie-9825,vonnegutfan2
2,RoseOfSharonCassidy,vonnegutfan2
2,Western-Ad-2904,vonnegutfan2
2,MightPlus7543,vonnegutfan2
2,dog_servant,vonnegutfan2
1,Desperate-Lobster-59,MightPlus7543
1,dog_servant,MightPlus7543
1,ScientificSquirrel,MightPlus7543
0,Alphabet0618
1,AutoModerator,Alphabet0618
1,Western-Ad-2904,Alphabet0618
2,Alphabet0618,Western-Ad-2904
1,DarkAthena,Alphabet0618
1,Moochi_mcfly,Alphabet0618
1,bourbonandcheese,Alphabet0618
1,ASleepandAForgetting,Alphabet0618
2,Alphabet0618,ASleepandAForgetting
3,Environmental-End691,Alphabet0618
3,ASleepandAForgetting,Alphabet0618
2,ddlbb,ASleepandAForgetting
3,ASleepandAForgetting,ddlbb
2,apri11a,ASleepandAForgetting
1,tmntmikey80,Alphabet0618
0,Spirited-Hat-9854
1,AutoModerator,Spirited-Hat-9854
0,slagathorrulerofall
1,AutoModerator,slagathorrulerofall
1,Moochi_mcfly,slagathorrulerofall
1,Western-Ad-2904,slagathorrulerofall
0,Majestic_Indication5
1,AutoModerator,Majestic_Indication5
1,rndogrn,Majestic_Indication5
2,Mundane_Morning9454,rndogrn
3,pechjackal,Mundane_Morning9454
3,greenthumb-28,Mundane_Morning9454
1,bigelcid,Majestic_Indication5
2,WarmBank5850,bigelcid
1,twilighteveningsun,Majestic_Indication5
1,uncreativemonkey,Majestic_Indication5
2,Majestic_Indication5,uncreativemonkey
3,myrcenol,Majestic_Indication5
3,StephAg09,Majestic_Indication5
3,waffles-all-day,Majestic_Indication5
1,memreows,Majestic_Indication5
1,IxieNova,Majestic_Indication5
2,Jasreha,IxieNova
1,Dalton387,Majestic_Indication5
2,jazzypinksno,Dalton387
1,Simple-Antelope-2903,Majestic_Indication5
1,newfigurl,Majestic_Indication5
1,AttractiveNuisance37,Majestic_Indication5
1,Oftennice81,Majestic_Indication5
1,Bug-Secure,Majestic_Indication5
1,Environmental-End691,Majestic_Indication5
1,royaldisorders,Majestic_Indication5
1,OkInitiative7327,Majestic_Indication5
1,aloha902604,Majestic_Indication5
1,MissyPotato,Majestic_Indication5
2,Independence-2021,MissyPotato
1,Equivalent_Ad812,Majestic_Indication5
1,JourSans,Majestic_Indication5
1,Brain_version2_0,Majestic_Indication5
1,LadyGreyIcedTea,Majestic_Indication5
1,Bearaboolovespuppies,Majestic_Indication5
1,Silenceneverlies,Majestic_Indication5
1,QueenOfPurple,Majestic_Indication5
1,schmassidy,Majestic_Indication5
1,sunnyD6481,Majestic_Indication5
1,deadr0tten,Majestic_Indication5
1,parakat15,Majestic_Indication5
1,DiscombobulatedElk93,Majestic_Indication5
1,debicksy,Majestic_Indication5
1,_neversayalways,Majestic_Indication5
1,Appropriate_Box7749,Majestic_Indication5
1,Stoned__Iguana,Majestic_Indication5
2,Stoned__Iguana,Stoned__Iguana
1,Kimmers96,Majestic_Indication5
1,saberwolfbeast,Majestic_Indication5
1,StaringOverACliff,Majestic_Indication5
1,foreveralice97,Majestic_Indication5
1,alsothebagel,Majestic_Indication5
1,ilikecacti2,Majestic_Indication5
1,howdidigethere____,Majestic_Indication5
1,FrostWhyte,Majestic_Indication5
1,Barcode_88,Majestic_Indication5
1,mbubz,Majestic_Indication5
1,HustleI87,Majestic_Indication5
1,neuroticgoat,Majestic_Indication5
1,Ok-Temperature7429,Majestic_Indication5
1,Accomplished-Move936,Majestic_Indication5
1,Clean_Signature_6997,Majestic_Indication5
1,ActuatorOk4425,Majestic_Indication5
1,fuzziestbunny,Majestic_Indication5
1,SerenaSurf1,Majestic_Indication5
1,Sociopathic-me,Majestic_Indication5
1,Mundane-Grape9985,Majestic_Indication5
1,Solid_Amount6751,Majestic_Indication5
1,Lanky_Pack_881,Majestic_Indication5
1,Flaky_Confection_527,Majestic_Indication5
0,crueldoodle
1,AutoModerator,crueldoodle
1,Traditional-Job-411,crueldoodle
2,Trumanhazzacatface,Traditional-Job-411
1,dreamingoutloud714,crueldoodle
1,PM_ME_UR_PUPPY_DOG,crueldoodle
2,Beautiful-Page3135,PM_ME_UR_PUPPY_DOG
1,0hForF0x5ake,crueldoodle
1,Pennyanydots,crueldoodle
2,crueldoodle,Pennyanydots
3,Pennyanydots,crueldoodle
1,kikivee612,crueldoodle
1,MidnightScott17,crueldoodle
1,samisquirrell,crueldoodle
2,wulfychick,samisquirrell
1,Shoopdawoop993,crueldoodle
2,musingnerd,Shoopdawoop993
3,Shoopdawoop993,musingnerd
1,ridebiker37,crueldoodle
1,saberwolfbeast,crueldoodle
1,discombobulatededed,crueldoodle
0,heavenlyparson
1,AutoModerator,heavenlyparson
0,that_catlady
1,AutoModerator,that_catlady
1,Ok_Pangolin4736,that_catlady
2,Ok_Pangolin4736,Ok_Pangolin4736
0,Ok-Bookkeeper-8862
1,AutoModerator,Ok-Bookkeeper-8862
1,BigBeautifulBill,Ok-Bookkeeper-8862
2,Cursethewind,BigBeautifulBill
2,Ok-Bookkeeper-8862,BigBeautifulBill
3,BigBeautifulBill,Ok-Bookkeeper-8862
2,Ok-Bookkeeper-8862,BigBeautifulBill
3,BigBeautifulBill,Ok-Bookkeeper-8862
1,facedspectacle,Ok-Bookkeeper-8862
2,Ok-Bookkeeper-8862,facedspectacle
1,Germanmaedl,Ok-Bookkeeper-8862
0,Gara_Prime_
1,AutoModerator,Gara_Prime_
0,LazyDangerNoodle
1,AutoModerator,LazyDangerNoodle
1,AutoModerator,LazyDangerNoodle
0,watchedpan
1,AutoModerator,watchedpan
0,Becca0407
1,AutoModerator,Becca0407
0,Moochi_mcfly
1,AutoModerator,Moochi_mcfly
1,AutoModerator,Moochi_mcfly
1,octaffle,Moochi_mcfly
