0,flowGPT
1,CHAD-GPT,flowGPT
1,jinc_cen,flowGPT
1,_Boas_,flowGPT
1,DesignSpartan,flowGPT
1,LordDdanielHan,flowGPT
1,Ergastulent,flowGPT
1,Yeah_Right_Mister,flowGPT
1,OrangeProfessional66,flowGPT
1,rain5,flowGPT
1,sikoun,flowGPT
1,vitolob,flowGPT
1,Mammy0707,flowGPT
1,EcijaBV,flowGPT
1,Mogashi,flowGPT
1,antioutlulz,flowGPT
1,loulis,flowGPT
1,las_os,flowGPT
1,RoNiNjA57,flowGPT
1,Amazing_Substance_87,flowGPT
1,horoshimu,flowGPT
1,gosmento,flowGPT
1,cobra447,flowGPT
1,TheEternalShine,flowGPT
1,DLevai94,flowGPT
1,BEETLEJUICEME,flowGPT
1,ebbster,flowGPT
1,adinb,flowGPT
1,Bagel42,flowGPT
1,ewwbuntu,flowGPT
1,hD54_qkrRC3dLc,flowGPT
1,fmachado,flowGPT
1,Sweet_Emphasis_3220,flowGPT
1,Likosmauros,flowGPT
1,Likosmauros,flowGPT
1,Glittering-Cow1029,flowGPT
1,lifeissoupiamforke,flowGPT
1,whyyousaddd,flowGPT
1,paranoid_slamdroid,flowGPT
1,thecupcakewar,flowGPT
1,flrgx,flowGPT
1,GDGameplayer,flowGPT
1,The_BlackHound1738,flowGPT
1,Quizik,flowGPT
1,lovesrayray2018,flowGPT
1,rerri,flowGPT
1,DESIGNZIA,flowGPT
1,ApprehensiveAd7291,flowGPT
1,moore_streets,flowGPT
1,menxiaoyong,flowGPT
1,No-Analyst3039,flowGPT
1,haemol,flowGPT
1,Professional-Job1419,flowGPT
1,HOLUPREDICTIONS,flowGPT
1,Bestking2023,flowGPT
1,Helpful-Level7883,flowGPT
1,Pengking36,flowGPT
1,Powerful_Lychee_1145,flowGPT
1,Astero_Sanctuary,flowGPT
2,Riegel_Haribo,Astero_Sanctuary
1,Jomuski,flowGPT
1,productive-man,flowGPT
1,ZeroEqualsOne,flowGPT
1,atpeace,flowGPT
1,_Boas_,flowGPT
1,Terpen_,flowGPT
1,SpringBean,flowGPT
1,Large_Hawk824,flowGPT
1,Astilimos,flowGPT
1,ngg990,flowGPT
1,jerbear4328,flowGPT
1,Valeriuv1,flowGPT
1,delveccio,flowGPT
1,Fatfoxxx,flowGPT
1,A-midnight-cunt,flowGPT
1,ijko9713,flowGPT
1,TrueNegotiation359,flowGPT
1,Juan_Kagawa,flowGPT
1,lifehasfuckedmeup,flowGPT
1,DrakeDrac,flowGPT
1,langmodada,flowGPT
1,Calm_Phase_9717,flowGPT
2,GuitarAgitated8107,Calm_Phase_9717
2,Independent_Hyena495,Calm_Phase_9717
1,fCdxD6aPK2qkoQ,flowGPT
1,eltrasimaco,flowGPT
1,yassuz,flowGPT
1,magoxr,flowGPT
1,After-Highway-7295,flowGPT
1,eveesbby,flowGPT
1,Mahgozar,flowGPT
1,riceboyetam,flowGPT
1,TheCaffinatedAdmin,flowGPT
2,Likosmauros,TheCaffinatedAdmin
3,TheCaffinatedAdmin,Likosmauros
1,DjawKing,flowGPT
1,iamtheprince,flowGPT
1,porterhousepotato,flowGPT
1,Martineski,flowGPT
1,goprobuttonmasher,flowGPT
1,UneakRabbit,flowGPT
1,Rascalorasta,flowGPT
1,b_mallieck,flowGPT
1,repostit_,flowGPT
1,StewartGriffin555,flowGPT
1,Rebellious01,flowGPT
1,Xtrasauc3,flowGPT
1,biCplUk,flowGPT
2,Pengking36,biCplUk
1,dnszero,flowGPT
1,LearnerAchiever,flowGPT
1,DohaLee,flowGPT
1,abeachpebble,flowGPT
1,WithoutReason1729,flowGPT
2,CHAD-GPT,WithoutReason1729
2,None,WithoutReason1729
3,B0tRank,None
1,forgotmyusernamesht,flowGPT
0,whywalk
1,AutoModerator,whywalk
1,Karmadilla,whywalk
2,ExpensiveBumblebee83,Karmadilla
3,obvithrowaway34434,ExpensiveBumblebee83
3,OldGSDsLuv,ExpensiveBumblebee83
2,EnsignElessar,Karmadilla
2,LoveOnNBA,Karmadilla
3,theonlynex,LoveOnNBA
2,meidkwhoiam,Karmadilla
1,LordVitaly,whywalk
2,ImaginaryReputation,LordVitaly
3,Stevehol1,ImaginaryReputation
3,aleonzzz,ImaginaryReputation
3,Spacebrother,ImaginaryReputation
3,jsalsman,ImaginaryReputation
3,BurnoutJackal,ImaginaryReputation
2,Queue_Bit,LordVitaly
2,EnsignElessar,LordVitaly
1,justneurostuff,whywalk
2,sjwillis,justneurostuff
2,terminal157,justneurostuff
3,cyberpunkass,terminal157
1,uselesslogin,whywalk
2,Wise_Control,uselesslogin
2,OlmiumFire,uselesslogin
3,AberrantRambler,OlmiumFire
3,AstroPhysician,OlmiumFire
2,EnsignElessar,uselesslogin
3,Sember,EnsignElessar
3,FPham,EnsignElessar
2,AberrantRambler,uselesslogin
2,JayAndViolentMob,uselesslogin
2,BuccellatiExplainsIt,uselesslogin
1,antediluvianbird,whywalk
2,Orngog,antediluvianbird
3,Elegant-Variety-7482,Orngog
2,EnsignElessar,antediluvianbird
2,DDarkray,antediluvianbird
1,Just_-J,whywalk
2,Cajum,Just_-J
3,TreS-2b,Cajum
2,Swirls109,Just_-J
3,Spirckle,Swirls109
2,EnsignElessar,Just_-J
1,knaupt,whywalk
2,EnsignElessar,knaupt
3,freazoid93,EnsignElessar
3,BeardySam,EnsignElessar
2,potato_green,knaupt
1,Independent_Fault882,whywalk
2,Doesure,Independent_Fault882
1,Obvious-Ranger-2235,whywalk
2,justpackingheat1,Obvious-Ranger-2235
2,PostHumouslyObscure,Obvious-Ranger-2235
3,Elegant-Variety-7482,PostHumouslyObscure
2,WhiterabbitLou,Obvious-Ranger-2235
2,bicholouco,Obvious-Ranger-2235
2,EnsignElessar,Obvious-Ranger-2235
2,delete_dis,Obvious-Ranger-2235
1,cesium-sandwich,whywalk
1,SybRoz,whywalk
2,EnsignElessar,SybRoz
2,GlassNew3746,SybRoz
3,SybRoz,GlassNew3746
3,CargoCulture,GlassNew3746
2,AnimeMeansArt,SybRoz
1,Island_Monkey86,whywalk
2,elementalguy2,Island_Monkey86
3,Island_Monkey86,elementalguy2
1,SkuffetSkuffe,whywalk
2,CargoCulture,SkuffetSkuffe
3,CYKO_11,CargoCulture
1,perkypant,whywalk
2,Mozilie,perkypant
1,LordFluffy,whywalk
1,hiddenclasp,whywalk
1,ahandle,whywalk
1,cakeharry,whywalk
1,sopa-liquida,whywalk
1,BrunoEilliar,whywalk
1,No__teeth,whywalk
1,evilistics,whywalk
2,Efficient_Basil_8890,evilistics
2,bossbidet,evilistics
2,rustyflavor,evilistics
2,UnusualRegularity,evilistics
1,whywalk,whywalk
1,PostHumouslyObscure,whywalk
2,Tywele,PostHumouslyObscure
3,PostHumouslyObscure,Tywele
2,confuzzledfather,PostHumouslyObscure
3,PostHumouslyObscure,confuzzledfather
1,ZeekLTK,whywalk
2,musicmanjoe,ZeekLTK
2,musicmanjoe,ZeekLTK
1,Multipros,whywalk
2,Spirckle,Multipros
3,Multipros,Spirckle
1,YingTang1,whywalk
1,BigAssMark,whywalk
2,EnsignElessar,BigAssMark
1,Euge_Nyo,whywalk
1,amigammon,whywalk
2,M7mdov,amigammon
3,GlassNew3746,M7mdov
2,Ohiolongboard,amigammon
3,amigammon,Ohiolongboard
1,DlllCKS,whywalk
1,confuzzledfather,whywalk
1,gosudcx,whywalk
1,Decihax,whywalk
1,BLINDED0401,whywalk
1,AlarmedBuddy762,whywalk
1,stonkdo,whywalk
2,SaveVideo,stonkdo
3,WithoutReason1729,SaveVideo
1,AlchemistEdward,whywalk
1,FarVision5,whywalk
1,Issy88,whywalk
1,Ballchinian2,whywalk
1,PrestigiousGoal153,whywalk
1,FriendsArentElectric,whywalk
1,TheNozzler,whywalk
1,asknbabn,whywalk
1,eaeozs,whywalk
1,SpringNo9188,whywalk
1,lazy_elfs,whywalk
1,Janus_The_Great,whywalk
1,billyard00,whywalk
1,__gozu_,whywalk
1,foodiefuk,whywalk
1,ScreamingPrawnBucket,whywalk
2,magusonline,ScreamingPrawnBucket
1,Defender2-5,whywalk
2,magusonline,Defender2-5
3,Defender2-5,magusonline
1,ScholarSelect3062,whywalk
1,d-sane8,whywalk
1,the_chosen_one373,whywalk
1,cuddly_carcass,whywalk
2,WithoutReason1729,cuddly_carcass
1,Ok-Perception8269,whywalk
1,ObiWanCanShowMe,whywalk
1,azsxdcfvg,whywalk
1,petitesweetnomeat,whywalk
1,Healthy_Squirrel_253,whywalk
1,ResponsibilityDue448,whywalk
1,waFFLEz_,whywalk
2,booboouser,waFFLEz_
1,Paracausality,whywalk
1,thatguyisawtomorrow,whywalk
1,MarkusRight,whywalk
1,sprite_109,whywalk
0,Bbkmo94
1,AutoModerator,Bbkmo94
1,jointheredditarmy,Bbkmo94
2,0ahu,jointheredditarmy
3,jointheredditarmy,0ahu
2,240pixels,jointheredditarmy
2,ActuallyDavidBowie,jointheredditarmy
3,Anti-ThisBot-IB,ActuallyDavidBowie
2,ImpossibleBus6294,jointheredditarmy
1,id278437,Bbkmo94
2,G___reg,id278437
3,Embarrassed-Prior-16,G___reg
3,G___reg,G___reg
2,0ahu,id278437
2,sometechloser,id278437
1,TripUnlikely1615,Bbkmo94
2,zilianthegreat_,TripUnlikely1615
3,TripUnlikely1615,zilianthegreat_
3,r00sterfish,zilianthegreat_
3,duggedanddrowsy,zilianthegreat_
2,LocksmithConnect6201,TripUnlikely1615
2,stu187187,TripUnlikely1615
3,TripUnlikely1615,stu187187
2,m0nkeypantz,TripUnlikely1615
1,crypto_paul,Bbkmo94
1,0xAERG,Bbkmo94
2,Bbkmo94,0xAERG
3,redonios,Bbkmo94
1,Lungseron,Bbkmo94
2,wannabestraight,Lungseron
3,sweatierorc,wannabestraight
3,Seeker_Of_Knowledge-,wannabestraight
3,LimpFroyo,wannabestraight
2,liquidmasl,Lungseron
3,tired_hillbilly,liquidmasl
2,LimpFroyo,Lungseron
2,Havelok,Lungseron
1,G___reg,Bbkmo94
1,Loki--Laufeyson,Bbkmo94
1,SendThemToHeaven,Bbkmo94
1,Top_Culture_9625,Bbkmo94
2,Bbkmo94,Top_Culture_9625
3,Top_Culture_9625,Bbkmo94
2,Whyevenlive88,Top_Culture_9625
1,-SPOF,Bbkmo94
1,sometechloser,Bbkmo94
2,design_jester,sometechloser
2,tired_hillbilly,sometechloser
1,ProlapsedPineal,Bbkmo94
1,meyotchslap,Bbkmo94
1,Vegowolf,Bbkmo94
2,Sometimesgenerous,Vegowolf
2,e-scape,Vegowolf
2,AJ_Sarama,Vegowolf
1,ProteusMichaelKemo,Bbkmo94
2,doctorMiami1337,ProteusMichaelKemo
3,Revolutionary_Lock57,doctorMiami1337
2,endless286,ProteusMichaelKemo
1,ZealousidealDriver63,Bbkmo94
1,luvs2spwge107,Bbkmo94
2,2muchnet42day,luvs2spwge107
2,No-Combination-9910,luvs2spwge107
3,luvs2spwge107,No-Combination-9910
3,randompersonx,No-Combination-9910
2,Whyevenlive88,luvs2spwge107
3,luvs2spwge107,Whyevenlive88
2,kzcvuver,luvs2spwge107
3,luvs2spwge107,kzcvuver
1,seweso,Bbkmo94
1,Alchemy333,Bbkmo94
1,areyouseriousdotard,Bbkmo94
1,findlestick,Bbkmo94
1,Notyit,Bbkmo94
1,ozarkexpeditions,Bbkmo94
1,Abeenr2,Bbkmo94
1,eberkain,Bbkmo94
1,MormonReformist,Bbkmo94
1,the_good_brat,Bbkmo94
1,psybili,Bbkmo94
1,techhouseliving,Bbkmo94
1,beatrga,Bbkmo94
1,liquidmasl,Bbkmo94
1,bigtoebrah,Bbkmo94
1,marvinshkreli,Bbkmo94
1,North-Huckleberry-25,Bbkmo94
1,akobunny,Bbkmo94
1,hadleyshouse,Bbkmo94
1,TTV_SgtScoots,Bbkmo94
1,nekrut,Bbkmo94
1,tipit_smiley_tiger,Bbkmo94
1,Consistent_Row3036,Bbkmo94
1,HumanServitor,Bbkmo94
1,pwntatoez,Bbkmo94
1,firefiber,Bbkmo94
1,Look_out_for_grenade,Bbkmo94
1,nom0re,Bbkmo94
1,Iron_Defender,Bbkmo94
1,jfk_sfa,Bbkmo94
1,OneDimensionPrinter,Bbkmo94
1,I_take_huge_dumps,Bbkmo94
1,MyRoos,Bbkmo94
1,Otherwise_Soil39,Bbkmo94
0,mendeleev__
1,AutoModerator,mendeleev__
1,OpWillDlvr,mendeleev__
2,FS72,OpWillDlvr
2,FatherSun,OpWillDlvr
3,HeroWrite,FatherSun
3,Relevant_Monstrosity,FatherSun
3,Soggy_asparaguses,FatherSun
3,Extreme-Fan3861,FatherSun
3,HeavyWeaponsGuy88,FatherSun
2,csorfab,OpWillDlvr
2,thirsty_pretzelzz,OpWillDlvr
3,Propa-Ghandi,thirsty_pretzelzz
3,Ornery-Trifle-5216,thirsty_pretzelzz
3,anotherfakeloginname,thirsty_pretzelzz
3,Open-Season8313,thirsty_pretzelzz
2,rndig,OpWillDlvr
3,Mekanimal,rndig
3,Grandmastersexsay69,rndig
2,Grandmastersexsay69,OpWillDlvr
2,x-typo,OpWillDlvr
2,DropsTheMic,OpWillDlvr
2,ImpossibleBus6294,OpWillDlvr
1,Bezbozny,mendeleev__
2,old_ironlungz,Bezbozny
3,auselessoul,old_ironlungz
3,h3lblad3,old_ironlungz
2,DramaticPoem2691,Bezbozny
2,DonnytheFakinDrugo,Bezbozny
2,KlonoaMagya,Bezbozny
1,bishopbane,mendeleev__
2,FS72,bishopbane
3,scapestrat0,FS72
3,llkj11,FS72
3,LeonBlacksruckus,FS72
3,_stevencasteel_,FS72
3,sambull,FS72
2,GhostWithOpinions,bishopbane
2,ManIsInherentlyGay,bishopbane
2,Antonskarp,bishopbane
3,Hodoss,Antonskarp
3,Baron_Rogue,Antonskarp
2,Rogue_Moon_Boy,bishopbane
1,John_val,mendeleev__
2,LifeScientist123,John_val
3,bacteriarealite,LifeScientist123
3,HogeWala,LifeScientist123
3,Combination_Informal,LifeScientist123
3,MDMALSDTHC,LifeScientist123
3,Rogue_Moon_Boy,LifeScientist123
2,bigdipperboy,John_val
2,Blarghnog,John_val
2,leftbitchburner,John_val
2,Reble77,John_val
2,UnheardHealer85,John_val
2,Divine_Tiramisu,John_val
2,resonantedomain,John_val
2,Rogue_Moon_Boy,John_val
1,nickjhart,mendeleev__
1,gamerdude69,mendeleev__
2,jakderrida,gamerdude69
3,Netsuko,jakderrida
2,louis54000,gamerdude69
2,aigoopy,gamerdude69
1,ackbobthedead,mendeleev__
2,Anxious_Classroom_38,ackbobthedead
3,Confident_Trash8517,Anxious_Classroom_38
3,iamdain,Anxious_Classroom_38
3,WithoutReason1729,Anxious_Classroom_38
2,__nickerbocker__,ackbobthedead
2,dragonphlegm,ackbobthedead
2,orbofoz,ackbobthedead
2,McBleezy8,ackbobthedead
3,ackbobthedead,McBleezy8
2,james_tacoma,ackbobthedead
1,BulletBurrito,mendeleev__
1,danielbr93,mendeleev__
2,myst-ry,danielbr93
3,danielbr93,myst-ry
1,SkyTemple77,mendeleev__
2,rocketdocker,SkyTemple77
1,LittleLordFuckleroy1,mendeleev__
2,Rogue_Moon_Boy,LittleLordFuckleroy1
2,_KanyeWest_,LittleLordFuckleroy1
1,random125184,mendeleev__
2,FS72,random125184
1,BothZookeepergame612,mendeleev__
1,GylleneBarn,mendeleev__
1,Hungry_Prior940,mendeleev__
1,OraclePirate,mendeleev__
2,NickBloodAU,OraclePirate
2,SchwartzArt,OraclePirate
3,heskey30,SchwartzArt
3,ChaoticEvilBobRoss,SchwartzArt
2,NeonUnderling,OraclePirate
3,Ayarsiz09,NeonUnderling
3,OraclePirate,NeonUnderling
2,United_Analysis1310,OraclePirate
2,Informal-Plankton329,OraclePirate
1,Wexzuz,mendeleev__
1,Low-Caterpillar-9913,mendeleev__
1,Secret_Estate6290,mendeleev__
2,darkflib,Secret_Estate6290
3,Secret_Estate6290,darkflib
1,Tomatori,mendeleev__
1,GenioCavallo,mendeleev__
1,ballenaroja,mendeleev__
1,LDG192,mendeleev__
1,cant-say-less-info,mendeleev__
1,WhoIsPorkChop,mendeleev__
1,Doodjuststop,mendeleev__
1,pobody-snerfect,mendeleev__
1,syballad,mendeleev__
1,FUThead2016,mendeleev__
1,Practical-Piglet,mendeleev__
1,jonplackett,mendeleev__
1,Mr_unProfessionalism,mendeleev__
1,ostiDeCalisse,mendeleev__
1,whelphereiam12,mendeleev__
1,GeneralZaroff1,mendeleev__
1,Chubwako,mendeleev__
2,darkflib,Chubwako
3,Chubwako,darkflib
2,-Blue_Bull-,Chubwako
1,FukboiRD,mendeleev__
1,FX_King_2021,mendeleev__
2,DamionDreggs,FX_King_2021
1,dezmd,mendeleev__
1,MidTierBeans,mendeleev__
1,None,mendeleev__
1,dragonphlegm,mendeleev__
1,CerebralNote,mendeleev__
2,Professional_Tip_678,CerebralNote
1,virtorio13,mendeleev__
1,HistoricalMidnight8,mendeleev__
2,Empero6,HistoricalMidnight8
3,HistoricalMidnight8,Empero6
2,Rogue_Moon_Boy,HistoricalMidnight8
1,NAPALM2614,mendeleev__
1,itquestionsthrow,mendeleev__
2,ThePseudoMcCoy,itquestionsthrow
1,YilsidWalln,mendeleev__
1,Stormy_Blunderbuss,mendeleev__
1,lolurmorbislyobese,mendeleev__
1,Metori,mendeleev__
1,HogeWala,mendeleev__
2,Kyouma118,HogeWala
2,Rogue_Moon_Boy,HogeWala
1,cafepeaceandlove,mendeleev__
1,QuarterSuccessful449,mendeleev__
1,RobertAngelo,mendeleev__
2,design_ai_bot_human,RobertAngelo
3,mustbemaking,design_ai_bot_human
3,rocketdocker,design_ai_bot_human
1,roofgram,mendeleev__
2,doringliloshin,roofgram
3,roofgram,doringliloshin
2,LibraryLassIsACunt,roofgram
2,-Alexandros,roofgram
1,zooterlooter,mendeleev__
1,Chaserivx,mendeleev__
1,sickvice,mendeleev__
1,FallenJkiller,mendeleev__
1,Ill_Teaching_5388,mendeleev__
1,BestDogeNA2021,mendeleev__
1,cuddly_carcass,mendeleev__
1,promptlinkai,mendeleev__
1,-swill,mendeleev__
1,TaylorChesses,mendeleev__
1,LeonBlacksruckus,mendeleev__
2,OxCart69,LeonBlacksruckus
3,WithoutReason1729,OxCart69
1,Ok-Cheek2397,mendeleev__
1,FC4945,mendeleev__
1,frankieche,mendeleev__
1,phantasma638,mendeleev__
1,danisimo1,mendeleev__
1,Rude-Associate2283,mendeleev__
1,carmellose,mendeleev__
1,kontoletta63816,mendeleev__
1,captgh,mendeleev__
2,bruno8686,captgh
2,Kyouma118,captgh
3,Rogue_Moon_Boy,Kyouma118
3,captgh,Kyouma118
1,Apprehensive_Loan776,mendeleev__
1,-SPOF,mendeleev__
1,4ucklehead,mendeleev__
1,_coldharbour_,mendeleev__
1,activatore,mendeleev__
2,nixed9,activatore
1,matali,mendeleev__
2,ChaoticEvilBobRoss,matali
3,NeonUnderling,ChaoticEvilBobRoss
3,matali,ChaoticEvilBobRoss
2,georgebush-9-11,matali
3,NeonUnderling,georgebush-9-11
1,kayama57,mendeleev__
2,Rogue_Moon_Boy,kayama57
3,kayama57,Rogue_Moon_Boy
2,thirsty_pretzelzz,kayama57
3,kayama57,thirsty_pretzelzz
1,Rogertl,mendeleev__
1,United_Analysis1310,mendeleev__
1,johnryan433,mendeleev__
1,Suspicious_Impact267,mendeleev__
1,PrizeSyllabub6076,mendeleev__
2,NostraDavid,PrizeSyllabub6076
1,abadon2011,mendeleev__
1,BothZookeepergame612,mendeleev__
1,Fragrant-Hamster-325,mendeleev__
1,setoxxx,mendeleev__
1,coffeedropkick,mendeleev__
1,sometechloser,mendeleev__
1,AZDiablo,mendeleev__
1,granoladeer,mendeleev__
1,ivanmf,mendeleev__
1,Ok-Butterscotch7834,mendeleev__
2,LetsChangeSD,Ok-Butterscotch7834
1,BS_BlackScout,mendeleev__
1,Fishindad207,mendeleev__
1,bigbangbilly,mendeleev__
2,dossier,bigbangbilly
1,phondage,mendeleev__
1,jogglessshirting,mendeleev__
1,nickkangistheman,mendeleev__
1,darchangels13,mendeleev__
1,heizenverg,mendeleev__
1,Frito_Pendejo_BALLS,mendeleev__
1,I_only_read_trash,mendeleev__
1,RiggityWrecked96,mendeleev__
1,medivalevil,mendeleev__
1,Some_Agent_1635,mendeleev__
1,Rotz77,mendeleev__
1,babbagoo,mendeleev__
1,MattaClatta,mendeleev__
1,becool773,mendeleev__
1,Medullan,mendeleev__
1,AggravatingDriver559,mendeleev__
1,AnthuriumBloom,mendeleev__
1,powercut_in,mendeleev__
1,shakespear94,mendeleev__
1,Prestigious-Hall4141,mendeleev__
1,aaazzi,mendeleev__
1,FrostyDwarf24,mendeleev__
1,nihal_gazi,mendeleev__
1,sausage4mash,mendeleev__
1,thealternateopinion,mendeleev__
1,Pierfrank,mendeleev__
1,interstellar-travels,mendeleev__
1,Battosai_Kenshin99,mendeleev__
1,GeekFurious,mendeleev__
1,AthleteLow6958,mendeleev__
1,Missing_Legs,mendeleev__
1,cronasminate,mendeleev__
1,Danman500,mendeleev__
1,Complete-Anybody5180,mendeleev__
1,tooold4urcrap,mendeleev__
1,ilobeaa2,mendeleev__
1,John_val,mendeleev__
1,Illustrious-Monk-123,mendeleev__
1,Ok_Possible_2260,mendeleev__
1,Parsa_Raad,mendeleev__
1,thesimplerobot,mendeleev__
1,alorso-be,mendeleev__
1,simcore_nz,mendeleev__
2,darkflib,simcore_nz
1,ioncloud9,mendeleev__
1,The_Bragaduk,mendeleev__
1,Xclsd,mendeleev__
1,Watzeggenjij,mendeleev__
1,HarbingerOfWhatComes,mendeleev__
2,darkflib,HarbingerOfWhatComes
1,AlChiberto,mendeleev__
1,Fall-Mammoth,mendeleev__
1,Woootdafuuu,mendeleev__
1,hugo4711,mendeleev__
1,Motherofashit,mendeleev__
1,quantum_splicer,mendeleev__
1,Nonofyourdamnbiscuit,mendeleev__
1,BasicNY_,mendeleev__
1,jontraption,mendeleev__
1,bolting-hutch,mendeleev__
1,Lancaster61,mendeleev__
1,UnrealizedLosses,mendeleev__
1,15_Giga,mendeleev__
1,EvolDr,mendeleev__
1,-Blue_Bull-,mendeleev__
2,darkflib,-Blue_Bull-
1,DingusExpert,mendeleev__
2,-Blue_Bull-,DingusExpert
3,DingusExpert,-Blue_Bull-
1,luciusveras,mendeleev__
1,biglybiglytremendous,mendeleev__
1,Pronkie_dork,mendeleev__
1,7Zarx7,mendeleev__
1,----Zenith----,mendeleev__
1,donewithredditshit,mendeleev__
1,scumbagdetector15,mendeleev__
1,Rich-Effect2152,mendeleev__
1,FirewalkR,mendeleev__
1,ejpusa,mendeleev__
1,scurllgirl,mendeleev__
1,Think-Drag-2054,mendeleev__
1,WildDogOne,mendeleev__
1,BenjiiXDraco117,mendeleev__
1,Rayusa,mendeleev__
1,AllanStrauss1900,mendeleev__
1,auselessoul,mendeleev__
1,Land_Value_Taxation,mendeleev__
1,Zarkai10,mendeleev__
1,CuteAffect,mendeleev__
1,DigitalDazzler,mendeleev__
1,xisle35,mendeleev__
1,tomix1199,mendeleev__
1,SewLite,mendeleev__
1,MonsterCritic,mendeleev__
1,allyson1969,mendeleev__
1,L-W-J,mendeleev__
1,Lucid_Discoveries,mendeleev__
1,vvorkingclass,mendeleev__
1,Exoblaster,mendeleev__
1,daamfool,mendeleev__
1,tiffanylan,mendeleev__
1,oMaddiganGames,mendeleev__
1,GPTMentor,mendeleev__
1,WannaAskQuestions,mendeleev__
1,FrocsogoKulaBa,mendeleev__
1,saito200,mendeleev__
1,BasonPiano,mendeleev__
1,ServeOrdinary4590,mendeleev__
1,Actual_Material3331,mendeleev__
1,VerdantGauntlet,mendeleev__
1,DelPrive235,mendeleev__
1,FreedomRouters,mendeleev__
1,Old-Owl-139,mendeleev__
0,MuterfuckerJones
1,AutoModerator,MuterfuckerJones
1,MormonReformist,MuterfuckerJones
2,maxchris,MormonReformist
3,ffffarout,maxchris
3,No-Chocolate8370,maxchris
3,oodelay,maxchris
2,YoungishLibrarian,MormonReformist
3,Anxious-Durian1773,YoungishLibrarian
2,ijustsailedaway,MormonReformist
3,0ahu,ijustsailedaway
2,Rortox,MormonReformist
2,KlonoaMagya,MormonReformist
2,throwaway_00147,MormonReformist
2,ImpossibleBus6294,MormonReformist
1,Low-Caterpillar-9913,MuterfuckerJones
2,Lonyo,Low-Caterpillar-9913
3,gj80,Lonyo
2,That_Panda_8819,Low-Caterpillar-9913
2,No-Chocolate8370,Low-Caterpillar-9913
3,Low-Caterpillar-9913,No-Chocolate8370
2,ZaZzleDal,Low-Caterpillar-9913
3,Low-Caterpillar-9913,ZaZzleDal
2,Sleambean,Low-Caterpillar-9913
3,Low-Caterpillar-9913,Sleambean
2,Anxious-Durian1773,Low-Caterpillar-9913
3,Low-Caterpillar-9913,Anxious-Durian1773
1,karmakiller3001,MuterfuckerJones
2,MuterfuckerJones,karmakiller3001
3,gromnirit,MuterfuckerJones
2,PhantomOfficial07,karmakiller3001
3,WhiterabbitLou,PhantomOfficial07
2,GeminusPrime,karmakiller3001
3,GTACOD,GeminusPrime
1,TheMaslankaDude,MuterfuckerJones
1,iiIScornIii,MuterfuckerJones
2,WalrusMe,iiIScornIii
3,x-typo,WalrusMe
1,thelastpizzaslice,MuterfuckerJones
1,urmomym,MuterfuckerJones
1,Hooxen,MuterfuckerJones
1,Careful-Tadpole7910,MuterfuckerJones
1,GeekFurious,MuterfuckerJones
1,info-junkie,MuterfuckerJones
1,fartlorain,MuterfuckerJones
2,x-typo,fartlorain
1,WhiterabbitLou,MuterfuckerJones
1,unbruitsourd,MuterfuckerJones
1,Danb1990,MuterfuckerJones
1,ZenPebbles,MuterfuckerJones
0,hudi2121
1,AutoModerator,hudi2121
1,DJSugarSnatch,hudi2121
2,PerspectiveNew3375,DJSugarSnatch
3,NearlyNakedNick,PerspectiveNew3375
3,Bluebluegirl94,PerspectiveNew3375
2,dangercat415,DJSugarSnatch
3,UnderstandingLogic,dangercat415
2,bigfatfurrytexan,DJSugarSnatch
2,Polskihammer,DJSugarSnatch
3,Fun_Grape_7656,Polskihammer
2,alexiuss,DJSugarSnatch
3,mambiki,alexiuss
3,fewdea,alexiuss
3,Starspace97,alexiuss
2,Fidodo,DJSugarSnatch
2,Obelion_,DJSugarSnatch
2,ba_prg,DJSugarSnatch
3,automatedcharterer,ba_prg
3,DJSugarSnatch,ba_prg
2,Suspicious_Impact267,DJSugarSnatch
2,maitreg,DJSugarSnatch
3,utopista114,maitreg
3,xX_codgod420_Xx,maitreg
2,craigawoo,DJSugarSnatch
3,iceclanleader123,craigawoo
3,patrickpdk,craigawoo
2,PrimaxAUS,DJSugarSnatch
2,None,DJSugarSnatch
3,shableep,None
3,throwaway-123456123,None
3,DJSugarSnatch,None
2,Lungseron,DJSugarSnatch
3,inkblot888,Lungseron
2,ReflectionFamiliar68,DJSugarSnatch
3,MackTuesday,ReflectionFamiliar68
1,jPup_VR,hudi2121
2,Ok_Strawberry2192,jPup_VR
2,dylantoymaker,jPup_VR
3,West-Tip8156,dylantoymaker
1,alwaysbe_edmond,hudi2121
2,Alternative_Cause_37,alwaysbe_edmond
2,NearlyNakedNick,alwaysbe_edmond
3,MacaroniBee,NearlyNakedNick
3,TrickyBarrel,NearlyNakedNick
2,_stevencasteel_,alwaysbe_edmond
1,dudeguy81,hudi2121
2,pilgermann,dudeguy81
2,radios_appear,dudeguy81
2,Abracadaniel95,dudeguy81
3,dudeguy81,Abracadaniel95
2,IntrepidGhost,dudeguy81
3,patmcirish,IntrepidGhost
3,Blackstream,IntrepidGhost
3,HunkMcMuscle,IntrepidGhost
3,DM_Me_Science,IntrepidGhost
3,RebelKasket,IntrepidGhost
3,MackTuesday,IntrepidGhost
3,throwaway-123456123,IntrepidGhost
3,Lungseron,IntrepidGhost
3,Bend-Hur,IntrepidGhost
3,Several_Cycle_2012,IntrepidGhost
1,esp211,hudi2121
2,afCeG6HVB0IJ,esp211
3,EthansWay007,afCeG6HVB0IJ
1,its_all_4_lulz,hudi2121
2,TheRealTwiner,its_all_4_lulz
3,moonaim,TheRealTwiner
3,SirDongsALot,TheRealTwiner
2,TrivialRhythm,its_all_4_lulz
2,Fun_Introduction5384,its_all_4_lulz
2,twbluenaxela,its_all_4_lulz
2,fakeuser515357,its_all_4_lulz
2,MeatisOmalley,its_all_4_lulz
2,Fredifrum,its_all_4_lulz
3,Umpteenth_zebra,Fredifrum
2,Neither_Presence1373,its_all_4_lulz
3,nesmimpomraku,Neither_Presence1373
2,Lootboxboy,its_all_4_lulz
3,WithoutReason1729,Lootboxboy
3,oops77542,Lootboxboy
2,MakeLifeHardAgain,its_all_4_lulz
2,PsycKat,its_all_4_lulz
2,Anxious_Classroom_38,its_all_4_lulz
2,IGotSkills,its_all_4_lulz
2,DrAgaricus,its_all_4_lulz
3,Velshade,DrAgaricus
2,Accurate_Wolverine65,its_all_4_lulz
2,Nanaki_TV,its_all_4_lulz
1,AmbitiousHedgehog313,hudi2121
2,bendycumberbitch,AmbitiousHedgehog313
3,knowledgebass,bendycumberbitch
3,AmbitiousHedgehog313,bendycumberbitch
2,mauromauromauro,AmbitiousHedgehog313
2,Theunbuffedraider,AmbitiousHedgehog313
1,JYDUSK,hudi2121
2,arch_202,JYDUSK
2,ChiaraStellata,JYDUSK
2,Queue_Bit,JYDUSK
3,jack_oatt,Queue_Bit
1,nemoLx,hudi2121
2,skydork2000,nemoLx
3,nemoLx,skydork2000
2,PandaBoyWonder,nemoLx
3,Dralex75,PandaBoyWonder
2,NinjaOtt3r,nemoLx
3,nemoLx,NinjaOtt3r
1,Sirriddles,hudi2121
2,Eydor,Sirriddles
2,dumb_password_loser,Sirriddles
1,Harry_Flowers,hudi2121
1,topper12g,hudi2121
1,its-a-fetish,hudi2121
2,Historical-Car2997,its-a-fetish
3,fabiomatu,Historical-Car2997
3,RutherfordTheButler,Historical-Car2997
2,Apocalypseos,its-a-fetish
1,MammothInvestment,hudi2121
1,Fraggle86,hudi2121
1,genomerain,hudi2121
2,treebeard555,genomerain
3,TomaWy9,treebeard555
1,kupuwhakawhiti,hudi2121
1,wirez62,hudi2121
1,Stryctly-speaking,hudi2121
2,treebeard555,Stryctly-speaking
1,PsycKat,hudi2121
1,audionerd1,hudi2121
1,nmopqrs_io,hudi2121
2,Neither_Presence1373,nmopqrs_io
2,Bend-Hur,nmopqrs_io
3,g1ucose,Bend-Hur
3,nmopqrs_io,Bend-Hur
2,Nanaki_TV,nmopqrs_io
3,nmopqrs_io,Nanaki_TV
3,Hotdogbrain,Nanaki_TV
1,yoyoJ,hudi2121
1,eddie_chedder,hudi2121
1,smiggy100,hudi2121
1,JuggernautSudden5158,hudi2121
1,DM_Me_Science,hudi2121
1,RantRanger,hudi2121
1,too_much_think,hudi2121
1,Nonnah23,hudi2121
1,imariaprime,hudi2121
1,CreativeGrocery862,hudi2121
1,X99p,hudi2121
1,DaGrimCoder,hudi2121
2,MeatisOmalley,DaGrimCoder
3,WorldyBridges33,MeatisOmalley
3,DaGrimCoder,MeatisOmalley
3,SnatchSnacker,MeatisOmalley
2,mauromauromauro,DaGrimCoder
1,darren457,hudi2121
2,EmelaJosa,darren457
2,_stevencasteel_,darren457
1,NinjaOtt3r,hudi2121
1,FabulosoMafioso,hudi2121
2,_stevencasteel_,FabulosoMafioso
1,bodhisharttva,hudi2121
1,wkwork,hudi2121
1,jointheredditarmy,hudi2121
1,slw9496,hudi2121
2,Singleguywithacat,slw9496
3,slw9496,Singleguywithacat
1,YeaImFunAtParties,hudi2121
1,chronistus,hudi2121
1,Neither_Presence1373,hudi2121
1,mauromauromauro,hudi2121
1,NicholasWM,hudi2121
1,etsatlo,hudi2121
1,namechecksout35,hudi2121
1,ma77mc,hudi2121
1,Sloppy1st,hudi2121
1,Thomas_B_Goodington,hudi2121
1,Ethan_Boylinski,hudi2121
1,Bend-Hur,hudi2121
1,Prattle_Snake,hudi2121
1,dehydratedbagel,hudi2121
1,Blarghnog,hudi2121
1,bannedfromrph,hudi2121
1,sEi_,hudi2121
1,EspectroDK,hudi2121
1,wizardsprite,hudi2121
1,noskrilladu,hudi2121
1,didgeridoodady,hudi2121
1,Conr8r,hudi2121
1,Anon6025,hudi2121
1,CaptainCrunchyburger,hudi2121
1,-Whosyourdaddy-,hudi2121
2,arch_202,-Whosyourdaddy-
1,Ismail_qwerty,hudi2121
2,hudi2121,Ismail_qwerty
1,dantun29,hudi2121
1,Fivethenoname,hudi2121
1,LieutenantNitwit,hudi2121
2,_stevencasteel_,LieutenantNitwit
1,semillefeynman,hudi2121
1,dankaws,hudi2121
1,CanvasFanatic,hudi2121
2,IntrepidGhost,CanvasFanatic
1,pi_oneer,hudi2121
1,bigfatfurrytexan,hudi2121
2,LynoraKross,bigfatfurrytexan
1,WorldyBridges33,hudi2121
1,saito200,hudi2121
1,Queue_Bit,hudi2121
1,BrassBadgerWrites,hudi2121
1,PoopulistPoolitician,hudi2121
2,Fancy-Ear-6504,PoopulistPoolitician
3,PoopulistPoolitician,Fancy-Ear-6504
1,ShitFacedSteve,hudi2121
1,futureformsdance,hudi2121
1,Significant_Yak_7784,hudi2121
1,RutherfordTheButler,hudi2121
1,jcurie,hudi2121
1,Neither_Presence1373,hudi2121
2,Ztrobos,Neither_Presence1373
3,Neither_Presence1373,Ztrobos
3,Fancy-Ear-6504,Ztrobos
1,GhostGunPDW,hudi2121
1,Educational-Sir78,hudi2121
1,Rbanh15,hudi2121
1,craigawoo,hudi2121
1,Global_Rin,hudi2121
1,ArrrGaming,hudi2121
1,Subject_Priority4996,hudi2121
1,almondolphin,hudi2121
1,potato_psychonaut,hudi2121
1,None,hudi2121
2,CaptainCrunchyburger,None
3,None,CaptainCrunchyburger
1,Justice4theWeak,hudi2121
1,_rundown_,hudi2121
1,Catslash0,hudi2121
1,juanbradburn,hudi2121
1,Efficient-Gain-4187,hudi2121
1,jeytrs,hudi2121
2,hudi2121,jeytrs
1,Bezbozny,hudi2121
1,Alchemy333,hudi2121
1,Feema13,hudi2121
1,the300bros,hudi2121
2,hudi2121,the300bros
1,panzercampingwagen,hudi2121
1,Kaanpleb-The-Second,hudi2121
1,JoshuaJoe99,hudi2121
2,hudi2121,JoshuaJoe99
1,smatty_123,hudi2121
1,Neither_Presence1373,hudi2121
1,Ecaltric,hudi2121
1,HarbingerOfWhatComes,hudi2121
2,LynoraKross,HarbingerOfWhatComes
1,expertSquid,hudi2121
2,damian20,expertSquid
3,expertSquid,damian20
1,thatswhatdeezsaid,hudi2121
2,WithoutReason1729,thatswhatdeezsaid
3,LynoraKross,WithoutReason1729
1,LevelAd6323,hudi2121
1,Fair-Preference5312,hudi2121
1,Martijngamer,hudi2121
1,PopulateThePlanets,hudi2121
1,blackcatcaptions,hudi2121
1,SnooObjections4985,hudi2121
1,JimmyThunderPenis,hudi2121
1,QuarkNerd42,hudi2121
1,EnoughRedditNow,hudi2121
1,Wufinho,hudi2121
1,FaliedSalve,hudi2121
1,FallenJkiller,hudi2121
1,RedditedHighly,hudi2121
1,Neither_Presence1373,hudi2121
1,JOX3X,hudi2121
1,L0pat0,hudi2121
1,austinicepocalypse,hudi2121
1,corpus-luteum,hudi2121
1,CaptAwesome203,hudi2121
1,Jasinto-Leite,hudi2121
1,Pytori1,hudi2121
1,CFster,hudi2121
1,Arrowdriver88,hudi2121
1,fishoni,hudi2121
1,polarbebe,hudi2121
1,craigawoo,hudi2121
1,Strange_Position2668,hudi2121
1,Old-Resource-1667,hudi2121
1,No-Surround458,hudi2121
1,mysticalmushrooms,hudi2121
1,toothpastespiders,hudi2121
1,Realistic_Match2577,hudi2121
1,Eroticamancer,hudi2121
1,Puzzleheaded_Bus_103,hudi2121
1,Kittygirlrocks,hudi2121
1,MadgoonOfficial,hudi2121
1,alexiuss,hudi2121
2,hudi2121,alexiuss
1,Sackonfire,hudi2121
1,newjetmirage,hudi2121
1,cerulean94,hudi2121
1,Hot-Bat-1191,hudi2121
1,More_Wrongdoer291,hudi2121
2,clinical27,More_Wrongdoer291
2,hudi2121,More_Wrongdoer291
1,hacksawgranny,hudi2121
1,PurpleCounter1358,hudi2121
1,ripeGardenTomato,hudi2121
1,othello16,hudi2121
1,utastelikebacon,hudi2121
1,FuckYouAdmins6,hudi2121
1,Important-Engine6133,hudi2121
1,sparung1979,hudi2121
1,PeekPlay,hudi2121
1,patrickpdk,hudi2121
1,FactHot5239,hudi2121
1,binks922,hudi2121
1,Hazzman,hudi2121
1,OpWillDlvr,hudi2121
1,dr3amb3ing,hudi2121
1,AImonet,hudi2121
1,FlamingTrollz,hudi2121
1,halistechnology,hudi2121
1,BookBagThrowAway,hudi2121
1,maitreg,hudi2121
1,LegendaryEnigma,hudi2121
1,RandoKaruza,hudi2121
1,WhiteyPinks,hudi2121
1,questcequewhat,hudi2121
1,Basic-Violinist772,hudi2121
1,Oneironaut_90,hudi2121
1,FeintLight123,hudi2121
1,alfor,hudi2121
1,TheRealZwipster,hudi2121
1,Luci_Noir,hudi2121
1,fishlover281,hudi2121
1,realMardid,hudi2121
1,HondaFitEXL,hudi2121
1,bawdyassassin,hudi2121
1,tired_hillbilly,hudi2121
1,GrantSRobertson,hudi2121
1,rootComplex,hudi2121
1,unknoweverything,hudi2121
1,TingleyDinglies,hudi2121
1,magnue,hudi2121
0,ArseneZero
1,AutoModerator,ArseneZero
1,Which-Vanilla3290,ArseneZero
2,ArseneZero,Which-Vanilla3290
1,DukPep,ArseneZero
2,Koperek324,DukPep
2,rxandar,DukPep
1,Ok-Art-1378,ArseneZero
2,AberrantRambler,Ok-Art-1378
3,cccanterbury,AberrantRambler
2,youarenotfunnyitis,Ok-Art-1378
1,FetusMeatloaf,ArseneZero
1,misssandyshores,ArseneZero
1,sgramstrup,ArseneZero
1,Eriane,ArseneZero
2,Ramuh321,Eriane
3,Azap87,Ramuh321
3,utkohoc,Ramuh321
3,bigbangbilly,Ramuh321
1,Palanquin_IR,ArseneZero
1,knightofunderpants,ArseneZero
1,red__what,ArseneZero
1,NickCounterofferMan,ArseneZero
1,cyborgassassin47,ArseneZero
1,Azap87,ArseneZero
1,VioletPhoenix1712,ArseneZero
2,TheCalifornist,VioletPhoenix1712
1,KhaldiumIsotpe,ArseneZero
1,datavirussoftware,ArseneZero
1,Mr-Gatzby,ArseneZero
1,RichardIraVos,ArseneZero
1,Feeling_Voice2094,ArseneZero
2,ArseneZero,Feeling_Voice2094
1,senseibull,ArseneZero
2,bcramer0515,senseibull
3,senseibull,bcramer0515
1,godoftheinternet12,ArseneZero
1,Blarghnog,ArseneZero
1,PoliwagPi4554,ArseneZero
1,swagonflyyyy,ArseneZero
1,cafepeaceandlove,ArseneZero
1,Shark_reverberance,ArseneZero
1,NiSiSuinegEht,ArseneZero
1,HUNDSTAG,ArseneZero
1,LordOfSapphires,ArseneZero
1,MrRamoss,ArseneZero
1,Unlikely-Equipment30,ArseneZero
1,superitgel,ArseneZero
1,GAR51A8,ArseneZero
1,chICken_oN_G-fUeL,ArseneZero
1,ArmiRex47,ArseneZero
1,berkeleyjake,ArseneZero
1,btstphns,ArseneZero
2,czmax,btstphns
1,Relative_Land_1071,ArseneZero
1,TheGreatFinder,ArseneZero
1,sundownmonsoon,ArseneZero
1,dirkuijt,ArseneZero
1,Drpoofn,ArseneZero
1,AlarmedBuddy762,ArseneZero
1,jameslawrence1,ArseneZero
1,Status-Recording-325,ArseneZero
1,Sarath04,ArseneZero
0,Fr3sh_Mint
1,AutoModerator,Fr3sh_Mint
1,Sumbuddy1tolma,Fr3sh_Mint
2,acscriven,Sumbuddy1tolma
3,-_1_2_3_-,acscriven
3,Shloomth,acscriven
3,Lucky-Stop9196,acscriven
2,zhoushmoe,Sumbuddy1tolma
3,SexHaiiiir,zhoushmoe
2,azsxdcfvg,Sumbuddy1tolma
2,Sea_Number6341,Sumbuddy1tolma
2,Titanium_Josh,Sumbuddy1tolma
2,Dig_Bick1999,Sumbuddy1tolma
2,Madgyver,Sumbuddy1tolma
1,GoldenRedditUser,Fr3sh_Mint
2,Trubadidudei,GoldenRedditUser
3,thechriscooper,Trubadidudei
3,amoxi-chillin,Trubadidudei
3,None,Trubadidudei
3,ProfessionalTruck976,Trubadidudei
3,Jebusura,Trubadidudei
3,Fyzzle,Trubadidudei
3,TrueBirch,Trubadidudei
3,AbeWasHereAgain,Trubadidudei
3,zabby39103,Trubadidudei
3,robjob08,Trubadidudei
3,rydan,Trubadidudei
3,cugmg,Trubadidudei
3,da1nte,Trubadidudei
2,AlmightyLiam,GoldenRedditUser
3,Dukatdidnothingbad,AlmightyLiam
3,automatedcharterer,AlmightyLiam
2,ModernT1mes,GoldenRedditUser
3,Ok-Lobster-919,ModernT1mes
3,K3wp,ModernT1mes
3,GoldenRedditUser,ModernT1mes
3,Fancy-Woodpecker-563,ModernT1mes
3,NoMoreFishfries,ModernT1mes
3,Applied_Mathematics,ModernT1mes
3,SpiritualCyberpunk,ModernT1mes
3,DrWilliamHorriblePhD,ModernT1mes
2,None,GoldenRedditUser
3,SpiritualCyberpunk,None
2,TheRealTwiner,GoldenRedditUser
3,superluminary,TheRealTwiner
2,madfrogurt,GoldenRedditUser
3,york100,madfrogurt
2,UngiftigesReddit,GoldenRedditUser
3,GoldenRedditUser,UngiftigesReddit
2,Blckreaphr,GoldenRedditUser
3,Suspicious-Box-,Blckreaphr
2,lvvy,GoldenRedditUser
2,age_of_empires,GoldenRedditUser
2,redditbrowser1234,GoldenRedditUser
3,superluminary,redditbrowser1234
2,diverareyouok,GoldenRedditUser
2,greenhawk22,GoldenRedditUser
2,tanstaafl90,GoldenRedditUser
2,fuschialantern,GoldenRedditUser
3,thecaramelbandit,fuschialantern
3,HaRabbiMeLubavitch,fuschialantern
2,sekiroisart,GoldenRedditUser
3,littlesuperdangerous,sekiroisart
2,Super_Automatic,GoldenRedditUser
2,medcanned,GoldenRedditUser
2,EducationalBud6459,GoldenRedditUser
3,lvvy,EducationalBud6459
2,Icy-Entry4921,GoldenRedditUser
3,thecaramelbandit,Icy-Entry4921
2,Lost-Amount-6827,GoldenRedditUser
3,kfpswf,Lost-Amount-6827
3,GoldenRedditUser,Lost-Amount-6827
2,5BeersTillMidnight,GoldenRedditUser
3,GoldenRedditUser,5BeersTillMidnight
2,Turkino,GoldenRedditUser
2,just_thisGuy,GoldenRedditUser
2,WasternSelf4088,GoldenRedditUser
2,TaylorChesses,GoldenRedditUser
2,yesnomaybeidontknw,GoldenRedditUser
2,Jimmy-Pesto-Jr,GoldenRedditUser
2,Sentient_AI_4601,GoldenRedditUser
2,MaDpYrO,GoldenRedditUser
2,TrueBirch,GoldenRedditUser
2,TrueBirch,GoldenRedditUser
2,Superb_Raccoon,GoldenRedditUser
2,Andriyo,GoldenRedditUser
2,IthinktherforeIthink,GoldenRedditUser
2,Shloomth,GoldenRedditUser
2,Attention_Bear_Fuckr,GoldenRedditUser
2,Mardoc0311,GoldenRedditUser
2,dimonoid123,GoldenRedditUser
2,PerspectiveNew3375,GoldenRedditUser
2,ColdRavenClaw,GoldenRedditUser
2,MajesticIngenuity32,GoldenRedditUser
1,pusher32,Fr3sh_Mint
2,Smeagollu,pusher32
2,janokkkkk,pusher32
3,HAAS_MIT_HASS,janokkkkk
3,zhoushmoe,janokkkkk
1,Worth_Recording_2050,Fr3sh_Mint
2,Okichah,Worth_Recording_2050
3,hanuke,Okichah
2,DrBoomkin,Worth_Recording_2050
2,littlesuperdangerous,Worth_Recording_2050
3,Lenni-Da-Vinci,littlesuperdangerous
2,chonkshonk,Worth_Recording_2050
2,Secapaz,Worth_Recording_2050
3,the_bollo,Secapaz
2,_Cope_Seethe_Dilate_,Worth_Recording_2050
3,MarmiteEnjoyer,_Cope_Seethe_Dilate_
3,robman100,_Cope_Seethe_Dilate_
3,The_25th_Baam,_Cope_Seethe_Dilate_
2,ILOVEBOPIT,Worth_Recording_2050
2,TrueBirch,Worth_Recording_2050
1,supapoopascoopa,Fr3sh_Mint
2,GhostWithOpinions,supapoopascoopa
3,supapoopascoopa,GhostWithOpinions
2,ElonMuskTheNarcisist,supapoopascoopa
3,supapoopascoopa,ElonMuskTheNarcisist
2,chillchilling,supapoopascoopa
1,jjonj,Fr3sh_Mint
2,PrimateOnAPlanet,jjonj
3,jjonj,PrimateOnAPlanet
3,shableep,PrimateOnAPlanet
2,tedat,jjonj
2,Faintly_glowing_fish,jjonj
2,Comfortable-Hippo-43,jjonj
2,MoffKalast,jjonj
1,iskico,Fr3sh_Mint
1,axonemal,Fr3sh_Mint
1,alexisatk,Fr3sh_Mint
1,TheUglyCasanova,Fr3sh_Mint
1,CrabHeavy1818,Fr3sh_Mint
1,allisonmaybe,Fr3sh_Mint
2,None,allisonmaybe
1,jj77985,Fr3sh_Mint
1,2351156,Fr3sh_Mint
2,DoctorofLiftocracy,2351156
3,2351156,DoctorofLiftocracy
2,GoldenRedditUser,2351156
3,Dilly_do_dah,GoldenRedditUser
2,fruit_shoot,2351156
2,LittleMelie,2351156
3,2351156,LittleMelie
1,thelastpizzaslice,Fr3sh_Mint
1,wallstreetbetsdebts,Fr3sh_Mint
1,Street-Target9245,Fr3sh_Mint
1,cozymaniac,Fr3sh_Mint
1,kzgrey,Fr3sh_Mint
1,Illustrious_Dream436,Fr3sh_Mint
1,gogo_dodo,Fr3sh_Mint
2,science_and_beer,gogo_dodo
1,OptimoCryptimus,Fr3sh_Mint
1,NonDescriptfAIth,Fr3sh_Mint
2,WithoutReason1729,NonDescriptfAIth
2,Secapaz,NonDescriptfAIth
1,Born-Strawberry-8667,Fr3sh_Mint
1,BenkiTheBuilder,Fr3sh_Mint
1,ishootdawgs4fun,Fr3sh_Mint
1,ClownMorty,Fr3sh_Mint
1,Swing_Bishop,Fr3sh_Mint
1,kindaretiredguy,Fr3sh_Mint
2,No-Performance3044,kindaretiredguy
3,Redchong,No-Performance3044
3,kindaretiredguy,No-Performance3044
3,GhostWithOpinions,No-Performance3044
3,thelastpizzaslice,No-Performance3044
3,doctorMiami1337,No-Performance3044
2,lemonylol,kindaretiredguy
2,Weegee_Spaghetti,kindaretiredguy
3,lemonylol,Weegee_Spaghetti
2,Metal-Due,kindaretiredguy
3,kindaretiredguy,Metal-Due
2,scalpster,kindaretiredguy
1,Edgelord_Phenomenon,Fr3sh_Mint
2,zobq,Edgelord_Phenomenon
1,CrunchyJeans,Fr3sh_Mint
1,supermarioben,Fr3sh_Mint
1,nmkd,Fr3sh_Mint
1,petesapai,Fr3sh_Mint
2,Alchemy333,petesapai
1,hmmmmmmmmppphhhh,Fr3sh_Mint
2,person341,hmmmmmmmmppphhhh
3,hmmmmmmmmppphhhh,person341
1,User929290,Fr3sh_Mint
2,anvuu,User929290
1,SOHROOBAHDOHGUY,Fr3sh_Mint
2,petesapai,SOHROOBAHDOHGUY
1,None,Fr3sh_Mint
2,Alex_Dylexus,None
1,johnny84k,Fr3sh_Mint
2,Bill3000,johnny84k
1,Maximum_Transition60,Fr3sh_Mint
1,Maximum_Transition60,Fr3sh_Mint
1,mattjvgc,Fr3sh_Mint
1,Maciek1212,Fr3sh_Mint
1,Sukrum2,Fr3sh_Mint
1,johnny84k,Fr3sh_Mint
1,Maximum_Transition60,Fr3sh_Mint
1,Thinkingard,Fr3sh_Mint
1,Secapaz,Fr3sh_Mint
1,Rakashua,Fr3sh_Mint
1,Vapourtrails89,Fr3sh_Mint
1,Mygaffer,Fr3sh_Mint
1,Stvorina,Fr3sh_Mint
1,tgwhite,Fr3sh_Mint
1,Throw_away_errday626,Fr3sh_Mint
1,bert0ld0,Fr3sh_Mint
1,mli,Fr3sh_Mint
1,30isthenew29,Fr3sh_Mint
1,LegalTrade5765,Fr3sh_Mint
1,Bentheredonethat_,Fr3sh_Mint
1,BravesGunnersFlames,Fr3sh_Mint
1,hasanahmad,Fr3sh_Mint
1,Erosong,Fr3sh_Mint
1,PopUpClicker,Fr3sh_Mint
1,Someoneoldbutnew,Fr3sh_Mint
1,big_chestnut,Fr3sh_Mint
1,Jackretto,Fr3sh_Mint
1,Haukivirta,Fr3sh_Mint
1,Sturmgewehr86,Fr3sh_Mint
1,ash_vn,Fr3sh_Mint
1,Ductard,Fr3sh_Mint
2,hindamalka,Ductard
1,KaiAusBerlin,Fr3sh_Mint
1,GeneralMuffins,Fr3sh_Mint
1,YandereMuffin,Fr3sh_Mint
1,blenderforall,Fr3sh_Mint
1,The_Queef_of_England,Fr3sh_Mint
1,captainvideoblaster,Fr3sh_Mint
1,24Gameplay_,Fr3sh_Mint
2,clockercountwise333,24Gameplay_
1,Professional-Noise80,Fr3sh_Mint
2,fleggn,Professional-Noise80
1,clintCamp,Fr3sh_Mint
1,Professional-Noise80,Fr3sh_Mint
1,Catslash0,Fr3sh_Mint
1,rgraves22,Fr3sh_Mint
1,Maximum_Transition60,Fr3sh_Mint
1,DolorDeCabeza21,Fr3sh_Mint
1,MurkyGrape5901,Fr3sh_Mint
1,Low_Face_6003,Fr3sh_Mint
1,mods_can_burn,Fr3sh_Mint
1,sladoid,Fr3sh_Mint
1,Exatex,Fr3sh_Mint
1,yesnomaybeidontknw,Fr3sh_Mint
1,CanvasFanatic,Fr3sh_Mint
1,L___E___T,Fr3sh_Mint
1,LevelAd6323,Fr3sh_Mint
1,ducks_are_insane,Fr3sh_Mint
1,Calmtimer,Fr3sh_Mint
1,ReasonableAbility681,Fr3sh_Mint
1,Jean19812,Fr3sh_Mint
1,lurkinginboston,Fr3sh_Mint
1,SouthCape,Fr3sh_Mint
1,Q8Q,Fr3sh_Mint
1,mudcrab3,Fr3sh_Mint
1,fruit_shoot,Fr3sh_Mint
1,MagnaCumLoudly,Fr3sh_Mint
1,SewLite,Fr3sh_Mint
1,throwaway_00147,Fr3sh_Mint
1,thatguitarist,Fr3sh_Mint
1,Whole_Suit_1591,Fr3sh_Mint
1,SeniorSueno,Fr3sh_Mint
1,BackgroundTight3866,Fr3sh_Mint
1,GideonZotero,Fr3sh_Mint
1,Not-a-Loserr,Fr3sh_Mint
1,Cheating-HotWife,Fr3sh_Mint
1,transfire,Fr3sh_Mint
1,prncssbbygrl,Fr3sh_Mint
1,FordNY,Fr3sh_Mint
1,NicholasWM,Fr3sh_Mint
1,shuckedoyster,Fr3sh_Mint
1,stillnotascarytime,Fr3sh_Mint
1,Lenni-Da-Vinci,Fr3sh_Mint
1,WestPhilippinesSea,Fr3sh_Mint
1,wildmonster91,Fr3sh_Mint
1,MacheteCrocodileJr,Fr3sh_Mint
1,adokarG,Fr3sh_Mint
1,Miraculous-Mandarin,Fr3sh_Mint
1,Eriane,Fr3sh_Mint
1,boostwtf,Fr3sh_Mint
1,jinc_cen,Fr3sh_Mint
1,WastedLevity,Fr3sh_Mint
1,minority_reeeport,Fr3sh_Mint
1,RecoverFree3491,Fr3sh_Mint
1,MaximumSubtlety,Fr3sh_Mint
1,StrongMedicine,Fr3sh_Mint
1,WoolyWoolyRagwort,Fr3sh_Mint
1,Environmental-Ad481,Fr3sh_Mint
1,LambdaAU,Fr3sh_Mint
1,DelgadoTheRaat,Fr3sh_Mint
1,sybban,Fr3sh_Mint
1,fleggn,Fr3sh_Mint
1,CRAKZOR,Fr3sh_Mint
1,KAISAHfx,Fr3sh_Mint
1,chikencrisp2,Fr3sh_Mint
1,bftd2,Fr3sh_Mint
1,bigblackandjucie,Fr3sh_Mint
1,jeremydallen,Fr3sh_Mint
1,nemxplus,Fr3sh_Mint
1,Substantial-Pack-105,Fr3sh_Mint
1,panana_pete,Fr3sh_Mint
1,thetorioreo,Fr3sh_Mint
1,OnlyOneReturn,Fr3sh_Mint
1,X-Fossil,Fr3sh_Mint
1,sonic_butthole_music,Fr3sh_Mint
1,lovvvvveeee,Fr3sh_Mint
1,Anxious_Classroom_38,Fr3sh_Mint
2,WithoutReason1729,Anxious_Classroom_38
1,MountainHartley,Fr3sh_Mint
1,Spodegirl,Fr3sh_Mint
1,Ignorant_Grasshoppa,Fr3sh_Mint
1,markleung,Fr3sh_Mint
1,Substantial-Rope1616,Fr3sh_Mint
1,alistarsalk,Fr3sh_Mint
1,Paleion,Fr3sh_Mint
2,Paleion,Paleion
1,SeoulGalmegi,Fr3sh_Mint
1,Creative-Shame-1088,Fr3sh_Mint
1,Champbleu,Fr3sh_Mint
1,Faefana,Fr3sh_Mint
1,wasimpanezai,Fr3sh_Mint
1,Dante-1822001,Fr3sh_Mint
1,ColdRavenClaw,Fr3sh_Mint
1,state-of-self,Fr3sh_Mint
1,Chipitychopity,Fr3sh_Mint
1,tp143,Fr3sh_Mint
1,Mannyprime,Fr3sh_Mint
1,randomoneusername,Fr3sh_Mint
1,VirtualMartijn,Fr3sh_Mint
1,DreiDcut,Fr3sh_Mint
1,Ironmangopal,Fr3sh_Mint
1,Motor-Berry-6887,Fr3sh_Mint
1,Hungry_Prior940,Fr3sh_Mint
1,__Pjay_,Fr3sh_Mint
1,Ok-Ad-6420,Fr3sh_Mint
1,Loudnoises1379,Fr3sh_Mint
1,None,Fr3sh_Mint
2,WithoutReason1729,None
1,Frank_Pollet,Fr3sh_Mint
1,susoconde,Fr3sh_Mint
1,beigetrope,Fr3sh_Mint
1,Aludren,Fr3sh_Mint
1,lolurmorbislyobese,Fr3sh_Mint
1,FinancialTop1,Fr3sh_Mint
1,the_njf,Fr3sh_Mint
1,LaS_flekzz,Fr3sh_Mint
1,observis,Fr3sh_Mint
1,HubertRosenthal,Fr3sh_Mint
1,VerdantGauntlet,Fr3sh_Mint
1,wsmith79,Fr3sh_Mint
0,lsmr4810
1,AutoModerator,lsmr4810
1,ras09191,lsmr4810
2,Utoko,ras09191
3,TurboLasagne,Utoko
3,TheresNoHurry,Utoko
2,SupaDupaTroopa42,ras09191
3,Orngog,SupaDupaTroopa42
2,moonaim,ras09191
2,DifferenceFit211,ras09191
3,RepostSleuthBot,DifferenceFit211
2,wanomy,ras09191
1,LNCrizzo,lsmr4810
2,claysverycoolreddit,LNCrizzo
1,None,lsmr4810
2,Amazing_Net9684,None
3,i_love_all_,Amazing_Net9684
3,guillehefe,Amazing_Net9684
1,ryankopf,lsmr4810
1,godoftheinternet12,lsmr4810
1,ice--cold,lsmr4810
1,SimRacer101,lsmr4810
1,nickkangistheman,lsmr4810
1,Dig_Bick1999,lsmr4810
2,wanomy,Dig_Bick1999
1,fupoe69,lsmr4810
1,dretruly,lsmr4810
1,Anxious_Classroom_38,lsmr4810
2,Creative-Guidance722,Anxious_Classroom_38
3,EvilSporkOfDeath,Creative-Guidance722
2,mooseman99,Anxious_Classroom_38
2,darchangels13,Anxious_Classroom_38
1,boiledviolins,lsmr4810
2,BrotherReepo,boiledviolins
3,fleggn,BrotherReepo
1,EshuMarneedi,lsmr4810
1,Formal_Play_4666,lsmr4810
2,putdownthekitten,Formal_Play_4666
1,These-Idea381,lsmr4810
1,MGoodacre,lsmr4810
1,grantbwilson,lsmr4810
1,Zealousideal-Put-981,lsmr4810
0,TeddyTheEpicDoodle
1,AutoModerator,TeddyTheEpicDoodle
1,RepresentativeCut486,TeddyTheEpicDoodle
1,Not-famous-enough,TeddyTheEpicDoodle
1,WeAllStartAtZer0,TeddyTheEpicDoodle
1,Historical-Car2997,TeddyTheEpicDoodle
0,Technology342
1,AutoModerator,Technology342
1,anlumo,Technology342
2,Anxious-Durian1773,anlumo
3,SGNSpeedruns,Anxious-Durian1773
1,AbortionCrow,Technology342
1,GPT69victim,Technology342
1,grumpyfrench,Technology342
1,MINIMAN10001,Technology342
1,Most_Worldliness9761,Technology342
1,x_alkaline,Technology342
1,----Zenith----,Technology342
0,Bezbozny
1,AutoModerator,Bezbozny
1,BlackandYellowdog,Bezbozny
2,None,BlackandYellowdog
3,Sweg_lel,None
3,BlackandYellowdog,None
3,thatsdifferent102,None
3,Utoko,None
3,Raai,None
3,bkilaa,None
3,stochve,None
3,doctorMiami1337,None
3,arthurguedez,None
3,The-SillyAk,None
3,yesnomaybeidontknw,None
3,tienine78,None
3,sommersj,None
2,ssshield,BlackandYellowdog
3,rkorobka,ssshield
3,Lootboxboy,ssshield
2,FluxedEdge,BlackandYellowdog
2,UngiftigesReddit,BlackandYellowdog
2,goatboy6000,BlackandYellowdog
2,bambinolettuce,BlackandYellowdog
3,ain92ru,bambinolettuce
2,tak08810,BlackandYellowdog
2,justhjr,BlackandYellowdog
2,Heiferoni,BlackandYellowdog
1,thaddeus_flowe,Bezbozny
2,Bezbozny,thaddeus_flowe
3,thaddeus_flowe,Bezbozny
3,Relative_Locksmith11,Bezbozny
3,arthurguedez,Bezbozny
3,Uncreativite,Bezbozny
1,Jeffy29,Bezbozny
2,Bezbozny,Jeffy29
2,cafepeaceandlove,Jeffy29
3,Brutal_existence,cafepeaceandlove
2,therinnovator,Jeffy29
3,Jeffy29,therinnovator
1,CanBeWiser,Bezbozny
2,Bezbozny,CanBeWiser
3,IllCell8052,Bezbozny
3,mrdeath5493,Bezbozny
1,Phedericus,Bezbozny
2,jeremynsl,Phedericus
3,ghillieintherain,jeremynsl
3,Kyrond,jeremynsl
2,Bezbozny,Phedericus
3,Phedericus,Bezbozny
3,BenUFOs_Mum,Bezbozny
2,AussieSjl,Phedericus
2,ain92ru,Phedericus
1,jeremynsl,Bezbozny
2,Bezbozny,jeremynsl
2,Outrageous_Onion_679,jeremynsl
3,Outrageous_Onion_679,Outrageous_Onion_679
2,someonewhowa,jeremynsl
1,DockyWockyTenma,Bezbozny
2,LovelyClementine,DockyWockyTenma
2,Bezbozny,DockyWockyTenma
3,Matt5327,Bezbozny
3,TheAnarchitect01,Bezbozny
3,scarlet__panda,Bezbozny
3,Neither-Wrangler1164,Bezbozny
3,taichi22,Bezbozny
3,Maristic,Bezbozny
2,BenUFOs_Mum,DockyWockyTenma
3,patasthrowaway,BenUFOs_Mum
3,Perszeron,BenUFOs_Mum
3,AussieSjl,BenUFOs_Mum
2,xdarkeaglex,DockyWockyTenma
2,Batfan1108,DockyWockyTenma
2,Frumpagumpus,DockyWockyTenma
3,sneakpeekbot,Frumpagumpus
2,nkt_rb,DockyWockyTenma
3,DockyWockyTenma,nkt_rb
1,dolph42o,Bezbozny
1,Schmorbly,Bezbozny
2,Bezbozny,Schmorbly
3,fastinguy11,Bezbozny
2,ThatPizzaDeliveryGuy,Schmorbly
3,Schmorbly,ThatPizzaDeliveryGuy
3,ninjasaid13,ThatPizzaDeliveryGuy
3,we_will_prosper,ThatPizzaDeliveryGuy
2,we_will_prosper,Schmorbly
1,arthurguedez,Bezbozny
2,UndeadPrs,arthurguedez
1,ctrl-brk,Bezbozny
2,Bezbozny,ctrl-brk
3,potato_psychonaut,Bezbozny
3,Benur21,Bezbozny
3,HamstersAreReal,Bezbozny
3,Cosack,Bezbozny
3,geekaustin_777,Bezbozny
3,ArkBob,Bezbozny
1,Aztecah,Bezbozny
2,dolph42o,Aztecah
2,Bezbozny,Aztecah
3,Aztecah,Bezbozny
1,nLucis,Bezbozny
2,Bezbozny,nLucis
1,Various-Inside-4064,Bezbozny
2,Bezbozny,Various-Inside-4064
1,birdlawexpert69,Bezbozny
2,Bezbozny,birdlawexpert69
3,birdlawexpert69,Bezbozny
3,Got_Engineers,Bezbozny
2,CertainCoat,birdlawexpert69
3,MajesticIngenuity32,CertainCoat
2,exizt,birdlawexpert69
2,Brutal_existence,birdlawexpert69
1,Mr_Whispers,Bezbozny
2,Bezbozny,Mr_Whispers
3,dolph42o,Bezbozny
1,annias,Bezbozny
1,DankestMage99,Bezbozny
2,Bezbozny,DankestMage99
3,Whyevenlive88,Bezbozny
2,PolentaMagritte,DankestMage99
3,DankestMage99,PolentaMagritte
3,Devoid_Lan,PolentaMagritte
2,throwawaytonight1283,DankestMage99
1,Axenide,Bezbozny
1,KIProf,Bezbozny
1,Single_Ring4886,Bezbozny
2,CertainCoat,Single_Ring4886
2,Bezbozny,Single_Ring4886
3,Single_Ring4886,Bezbozny
1,ChaoticEvilBobRoss,Bezbozny
2,Bezbozny,ChaoticEvilBobRoss
1,Flameball202,Bezbozny
1,Available-Basis3617,Bezbozny
2,potato_psychonaut,Available-Basis3617
2,cafepeaceandlove,Available-Basis3617
3,Available-Basis3617,cafepeaceandlove
3,Brutal_existence,cafepeaceandlove
1,Cricketguyable,Bezbozny
2,Martineski,Cricketguyable
1,SidSantoste,Bezbozny
2,Bezbozny,SidSantoste
2,MajesticIngenuity32,SidSantoste
1,May_2121,Bezbozny
1,tuseroni,Bezbozny
1,Counterspell_This,Bezbozny
1,Nick2096,Bezbozny
1,basafish,Bezbozny
1,Pure_Golden,Bezbozny
1,Expensive_Mistake118,Bezbozny
1,DisappointedLily,Bezbozny
1,Dizzy-Result2140,Bezbozny
1,etmtcam,Bezbozny
2,Bezbozny,etmtcam
3,etmtcam,Bezbozny
1,gaurav_kl,Bezbozny
2,Bezbozny,gaurav_kl
1,yathanshnagar,Bezbozny
2,Bezbozny,yathanshnagar
3,yathanshnagar,Bezbozny
1,Perma_SSBM,Bezbozny
1,ufobaitthrowaway,Bezbozny
2,Bezbozny,ufobaitthrowaway
1,dandan_oficial,Bezbozny
2,Bezbozny,dandan_oficial
1,EldritchAether,Bezbozny
2,Bezbozny,EldritchAether
1,Great-Indication-88,Bezbozny
1,MrMoop07,Bezbozny
2,Bezbozny,MrMoop07
1,findlestick,Bezbozny
2,Bezbozny,findlestick
3,findlestick,Bezbozny
1,MASKEDDEFENDErR,Bezbozny
1,Additional_Drive1399,Bezbozny
1,SnatchSnacker,Bezbozny
1,darchangels13,Bezbozny
2,MajesticIngenuity32,darchangels13
3,darchangels13,MajesticIngenuity32
1,Extra-Engineer-3315,Bezbozny
1,superitgel,Bezbozny
2,throwawaytonight1283,superitgel
3,Bezbozny,throwawaytonight1283
1,Paleion,Bezbozny
1,danecdote,Bezbozny
1,AlarmedMedium9969,Bezbozny
2,cafepeaceandlove,AlarmedMedium9969
1,Carcerking,Bezbozny
2,Bezbozny,Carcerking
3,Carcerking,Bezbozny
1,Friendly_Ad_465,Bezbozny
1,Lootboxboy,Bezbozny
1,Kawaiidesuuuuu,Bezbozny
1,diefartz,Bezbozny
2,throwawaytonight1283,diefartz
1,SmoothDiscipline2640,Bezbozny
2,WithoutReason1729,SmoothDiscipline2640
1,Ok-Piece-8019,Bezbozny
1,xoDeadCityRadio,Bezbozny
2,xoDeadCityRadio,xoDeadCityRadio
3,xoDeadCityRadio,xoDeadCityRadio
1,Neither-Wrangler1164,Bezbozny
2,Bezbozny,Neither-Wrangler1164
1,JuanGuillermo,Bezbozny
1,TheyCallMeBigAndy,Bezbozny
1,TomatoWarrior,Bezbozny
1,itshouldjustglide,Bezbozny
1,dervu,Bezbozny
1,MyTVC_16,Bezbozny
1,thatswhatdeezsaid,Bezbozny
2,Bezbozny,thatswhatdeezsaid
1,DataHigh,Bezbozny
2,Bezbozny,DataHigh
1,Old_Cut_5875,Bezbozny
1,YoBluntSoSkimpy,Bezbozny
2,Bezbozny,YoBluntSoSkimpy
1,User929290,Bezbozny
1,dan1els0n,Bezbozny
2,Bezbozny,dan1els0n
1,remghoost7,Bezbozny
1,Serephitus,Bezbozny
2,Bezbozny,Serephitus
3,Serephitus,Bezbozny
1,jinc_cen,Bezbozny
2,Bezbozny,jinc_cen
1,OnyxBee,Bezbozny
2,Bezbozny,OnyxBee
1,BonAsasin,Bezbozny
1,Icy_Mention_8533,Bezbozny
1,pixitwist,Bezbozny
1,Wolfson2,Bezbozny
2,Bezbozny,Wolfson2
3,Wolfson2,Bezbozny
1,SadRaisin28,Bezbozny
1,aajaxxx,Bezbozny
1,boganomics,Bezbozny
1,Ink_Sparrow_,Bezbozny
2,Bezbozny,Ink_Sparrow_
3,Ink_Sparrow_,Bezbozny
1,PerspectiveNew3375,Bezbozny
2,alphabet_order_bot,PerspectiveNew3375
1,apearce95,Bezbozny
1,PapuaOldGuinea,Bezbozny
1,LongSchlongdonf,Bezbozny
1,Stickygreenbomb,Bezbozny
1,aaazzi,Bezbozny
1,sillymanbilly,Bezbozny
2,Bezbozny,sillymanbilly
1,nomadcheck,Bezbozny
1,gromnirit,Bezbozny
1,Run_MCID37,Bezbozny
1,Loknar42,Bezbozny
1,Kees2014,Bezbozny
1,MegaPollux,Bezbozny
1,_yaix,Bezbozny
1,mrbluesky__,Bezbozny
1,Shah_The_Sharq,Bezbozny
1,Nearby-Sand578,Bezbozny
1,Nearby-Sand578,Bezbozny
1,Nearby-Sand578,Bezbozny
1,ruffdaddysmooth,Bezbozny
0,Juan01010101
1,AutoModerator,Juan01010101
1,former-bishop,Juan01010101
2,idreamofkitty,former-bishop
3,former-bishop,idreamofkitty
2,obvithrowaway34434,former-bishop
2,Juan01010101,former-bishop
3,porsche_underwriter,Juan01010101
3,CapaneusPrime,Juan01010101
3,whatwasrevealed,Juan01010101
2,EnsignElessar,former-bishop
2,we_will_prosper,former-bishop
3,former-bishop,we_will_prosper
2,OPengiun,former-bishop
2,TraditionalAd6461,former-bishop
1,Drascilla,Juan01010101
2,dragonphlegm,Drascilla
3,doringliloshin,dragonphlegm
3,RecoverFree3491,dragonphlegm
3,LovelyClementine,dragonphlegm
3,Jazer93,dragonphlegm
3,obvithrowaway34434,dragonphlegm
2,Juan01010101,Drascilla
3,EnsignElessar,Juan01010101
3,Utoko,Juan01010101
3,YoViserys,Juan01010101
3,Beneficial_Look_5854,Juan01010101
3,anythingMuchShorter,Juan01010101
3,Additional_Set_5819,Juan01010101
3,edatx,Juan01010101
3,Impressive-Ad6400,Juan01010101
3,Benur21,Juan01010101
2,Academic_Design2093,Drascilla
2,EnsignElessar,Drascilla
3,leaky_wand,EnsignElessar
3,slalomaleikam,EnsignElessar
2,Tell_Amazing,Drascilla
2,luvs2spwge107,Drascilla
2,mutalisken,Drascilla
3,watchingsongsDL,mutalisken
2,stablefarm,Drascilla
3,Dr_barfenstein,stablefarm
2,Kind_Ordinary_8959,Drascilla
3,Dr_barfenstein,Kind_Ordinary_8959
2,thatisahugepileofshi,Drascilla
2,Sixhaunt,Drascilla
2,Affectionate_Roof361,Drascilla
3,WithoutReason1729,Affectionate_Roof361
2,Individual-Paint-756,Drascilla
1,heavy-minium,Juan01010101
2,__Maximum__,heavy-minium
1,Majestic-Tank-6767,Juan01010101
2,Adventurous_Row_1367,Majestic-Tank-6767
3,adarkuccio,Adventurous_Row_1367
3,Majestic-Tank-6767,Adventurous_Row_1367
2,riverbriskly,Majestic-Tank-6767
3,DerSpini,riverbriskly
2,temisola1,Majestic-Tank-6767
2,Playful-Opportunity5,Majestic-Tank-6767
3,Same-Letter6378,Playful-Opportunity5
2,Suspicious-Box-,Majestic-Tank-6767
3,skeker920,Suspicious-Box-
2,dankaws,Majestic-Tank-6767
3,heskey30,dankaws
2,EnsignElessar,Majestic-Tank-6767
2,NonsignificantBoat,Majestic-Tank-6767
2,Captain_Obvious_x,Majestic-Tank-6767
2,Juan01010101,Majestic-Tank-6767
2,edgydots,Majestic-Tank-6767
2,VampireSurvivorsFan,Majestic-Tank-6767
2,yellowlotusx,Majestic-Tank-6767
2,Productivity10,Majestic-Tank-6767
3,Majestic-Tank-6767,Productivity10
1,gellenburg,Juan01010101
2,CraftyMuthafucka,gellenburg
3,scykei,CraftyMuthafucka
2,EnsignElessar,gellenburg
3,gellenburg,EnsignElessar
2,dantun29,gellenburg
2,Historical-Car2997,gellenburg
2,Mantipath,gellenburg
2,Joksajakune,gellenburg
3,Utoko,Joksajakune
3,John_Lawn4,Joksajakune
2,GPTMentor,gellenburg
1,Jardolam_,Juan01010101
2,TheShroomHermit,Jardolam_
3,danielbr93,TheShroomHermit
2,Gr8hound,Jardolam_
1,EnsignElessar,Juan01010101
1,UppityPotHead,Juan01010101
2,tgwhite,UppityPotHead
3,So_There_We_Were,tgwhite
2,TheBlackItalian,UppityPotHead
1,griff_the_unholy,Juan01010101
2,Drascilla,griff_the_unholy
3,Disintergr8tion,Drascilla
2,Graucus,griff_the_unholy
2,OPengiun,griff_the_unholy
2,iiIScornIii,griff_the_unholy
1,optindesertdessert,Juan01010101
1,Embracethesuck79,Juan01010101
1,conkreteJs,Juan01010101
1,abruptlyslow,Juan01010101
1,dragonphlegm,Juan01010101
1,Juan01010101,Juan01010101
2,GPTMentor,Juan01010101
2,WithoutReason1729,Juan01010101
3,MisterGoo,WithoutReason1729
3,slowdownbabyy,WithoutReason1729
3,Velenterius,WithoutReason1729
3,dtfiori,WithoutReason1729
1,cconway_221516,Juan01010101
1,Helpful-Cattle4343,Juan01010101
2,CapaneusPrime,Helpful-Cattle4343
1,Shikanatori,Juan01010101
2,Born100YearsTooSoon,Shikanatori
3,Frankenmoney,Born100YearsTooSoon
1,cconway_221516,Juan01010101
1,Viktorv22,Juan01010101
1,Ok_Investigator_1010,Juan01010101
1,embelcourt,Juan01010101
1,GPTMentor,Juan01010101
1,jinc_cen,Juan01010101
1,Panhead09,Juan01010101
2,CapaneusPrime,Panhead09
1,Catslash0,Juan01010101
1,tvetus,Juan01010101
1,AgencyNo9174,Juan01010101
1,phoenix536,Juan01010101
1,DohaLee,Juan01010101
1,jakir8899,Juan01010101
1,Extension-Still-8417,Juan01010101
1,YooYooYoo_,Juan01010101
1,Dynamicgeek100,Juan01010101
1,cfox0137,Juan01010101
1,MASSIVDOGGO,Juan01010101
1,Fearless_Apricot_458,Juan01010101
1,banned_mainaccount,Juan01010101
1,fart_shaped_box_,Juan01010101
1,theepi_pillodu,Juan01010101
2,redkire29,theepi_pillodu
1,Miserable-Grocery568,Juan01010101
1,ChaoticBlankness,Juan01010101
1,grumpyfrench,Juan01010101
0,Flat_Performer_9789
1,AutoModerator,Flat_Performer_9789
1,cesium-sandwich,Flat_Performer_9789
2,Flat_Performer_9789,cesium-sandwich
1,Good_Profession_7615,Flat_Performer_9789
1,WithoutReason1729,Flat_Performer_9789
2,-eumaeus-,WithoutReason1729
1,HPBTFury,Flat_Performer_9789
2,Rich_Introduction_83,HPBTFury
2,thesippycup,HPBTFury
2,FlavinFlave,HPBTFury
3,Rich_Introduction_83,FlavinFlave
0,Chocimilkboi
1,AutoModerator,Chocimilkboi
1,endless_sea_of_stars,Chocimilkboi
2,1jl,endless_sea_of_stars
1,MarkHathaway1,Chocimilkboi
0,skeltzyboiii
1,AutoModerator,skeltzyboiii
1,skeltzyboiii,skeltzyboiii
1,bigbangbilly,skeltzyboiii
0,Sneaky_McSnakey
1,AutoModerator,Sneaky_McSnakey
1,MormonReformist,Sneaky_McSnakey
1,radioheadrockss,Sneaky_McSnakey
1,LAHXFA1,Sneaky_McSnakey
1,radioheadrockss,Sneaky_McSnakey
0,tend0g
1,AutoModerator,tend0g
1,dissemblers,tend0g
2,Wolfson2,dissemblers
3,htf-,Wolfson2
3,doringliloshin,Wolfson2
1,Available_Strike_752,tend0g
1,armchairwarrior13579,tend0g
1,Gaudrix,tend0g
2,MoneyHoney01,Gaudrix
1,keziahw,tend0g
2,BeMoreMuddy,keziahw
2,Zekava,keziahw
1,jaseisondacase,tend0g
1,Arparrabiosa,tend0g
2,IcebergSlimFast,Arparrabiosa
3,darksundown,IcebergSlimFast
1,0ahu,tend0g
1,ZeBloodyStretchr,tend0g
2,Elwood-P,ZeBloodyStretchr
1,TLo137,tend0g
1,maxchris,tend0g
1,yougoddangfool,tend0g
1,_psylosin_,tend0g
2,HardcoreMandolinist,_psylosin_
1,LittleLemonHope,tend0g
2,New_Neighborhood40,LittleLemonHope
1,Insane_Artist,tend0g
1,ProhaxRotmg,tend0g
1,brain_limit_exceeded,tend0g
1,MrYellowfield,tend0g
1,Omphaloskopie,tend0g
1,Antagonist-Extremis,tend0g
2,IcebergSlimFast,Antagonist-Extremis
1,Beginning-Chapter-26,tend0g
1,The_Based_Memer,tend0g
1,Silly_Awareness8207,tend0g
1,Stilllife1999,tend0g
2,same_post_bot,Stilllife1999
1,cummypussycat,tend0g
1,Elethria123,tend0g
1,Malicious_Smasher,tend0g
2,justletmefuckinggo,Malicious_Smasher
2,tend0g,Malicious_Smasher
1,Loknar42,tend0g
1,Low-Caterpillar-9913,tend0g
1,Just_-J,tend0g
1,DohaLee,tend0g
1,BLINDED0401,tend0g
1,Big_Ad_8905,tend0g
1,Renoblytch,tend0g
1,Mooreel,tend0g
1,ReverbSage,tend0g
1,hckrmn,tend0g
1,Odd-Situation-8908,tend0g
1,eberkain,tend0g
1,AggravatingDriver559,tend0g
1,Impressive-Ad6400,tend0g
1,Fantastic_Musician73,tend0g
1,1000sloths,tend0g
1,SpelunkyJunky,tend0g
1,rnisson,tend0g
1,0bi_nx,tend0g
0,SummerAndTinkles
1,AutoModerator,SummerAndTinkles
1,WalterBishopMethod,SummerAndTinkles
2,PurepointDog,WalterBishopMethod
3,Careful-Tadpole7910,PurepointDog
3,Current-Economy1823,PurepointDog
2,doringliloshin,WalterBishopMethod
1,Fantasyneli,SummerAndTinkles
1,Vexar,SummerAndTinkles
2,RickMuffy,Vexar
3,inverimus,RickMuffy
1,deccan2008,SummerAndTinkles
1,RaggedyAndromeda,SummerAndTinkles
1,TheDemonic-Forester,SummerAndTinkles
2,nboro94,TheDemonic-Forester
1,Gray_sans710,SummerAndTinkles
1,Chaghatai,SummerAndTinkles
1,MadgoonOfficial,SummerAndTinkles
1,Affectionate_Bid518,SummerAndTinkles
1,Ancquar,SummerAndTinkles
1,RedwynCH,SummerAndTinkles
1,yellowlotusx,SummerAndTinkles
1,IheartTaylor,SummerAndTinkles
1,Cronamash,SummerAndTinkles
1,dllimport,SummerAndTinkles
1,mizinamo,SummerAndTinkles
1,nboro94,SummerAndTinkles
1,Low-Caterpillar-9913,SummerAndTinkles
1,DisappointedLily,SummerAndTinkles
1,clintCamp,SummerAndTinkles
1,biglybiglytremendous,SummerAndTinkles
1,Amoriosa,SummerAndTinkles
1,oodelay,SummerAndTinkles
1,I_am_trustworthy,SummerAndTinkles
1,iamcozmoss,SummerAndTinkles
1,DuckBoyReturns,SummerAndTinkles
1,Suspicious-Box-,SummerAndTinkles
1,shysketcher,SummerAndTinkles
1,blenderforall,SummerAndTinkles
0,ollie_3dprinting
1,AutoModerator,ollie_3dprinting
1,vivehelpme,ollie_3dprinting
0,Forzato274
1,AutoModerator,Forzato274
1,Riegel_Haribo,Forzato274
1,slumberingpanda,Forzato274
2,Forzato274,slumberingpanda
1,nboro94,Forzato274
2,Forzato274,nboro94
1,andvstan,Forzato274
0,vadhavaniyafaijan
1,AutoModerator,vadhavaniyafaijan
0,Tinsnow1
1,AutoModerator,Tinsnow1
1,Juan01010101,Tinsnow1
2,SluttyMuffler,Juan01010101
3,Practical-Mix-4332,SluttyMuffler
3,hydnhyl,SluttyMuffler
3,0O00OO0OO0O0O00O0O0O,SluttyMuffler
1,CaptainTheta,Tinsnow1
2,Yeh-nah-but,CaptainTheta
3,TheInkySquids,Yeh-nah-but
3,CougarAries,Yeh-nah-but
3,Artificial-Moose24,Yeh-nah-but
3,StaticNocturne,Yeh-nah-but
2,cummypussycat,CaptainTheta
3,StaticNocturne,cummypussycat
2,SurroundSwimming3494,CaptainTheta
3,CaptainTheta,SurroundSwimming3494
3,CougarAries,SurroundSwimming3494
2,SiliconeMike,CaptainTheta
1,BrokenPromises2022,Tinsnow1
2,meatotheburrito,BrokenPromises2022
3,InspectionSame9859,meatotheburrito
2,fastinguy11,BrokenPromises2022
1,jollybot,Tinsnow1
2,Havelok,jollybot
3,SurroundSwimming3494,Havelok
2,unevenwill,jollybot
2,Born100YearsTooSoon,jollybot
1,DeveloppementEpais,Tinsnow1
2,cant-say-less-info,DeveloppementEpais
3,sideways,cant-say-less-info
3,faramaobscena,cant-say-less-info
2,hydnhyl,DeveloppementEpais
2,ThisIsredditagain,DeveloppementEpais
3,sideways,ThisIsredditagain
3,TheShroomHermit,ThisIsredditagain
3,Born100YearsTooSoon,ThisIsredditagain
1,Cheese_B0t,Tinsnow1
2,Marbelou,Cheese_B0t
3,TomAwsm,Marbelou
3,sweatierorc,Marbelou
1,Sad-Enthusiasm-8224,Tinsnow1
2,Cheese_B0t,Sad-Enthusiasm-8224
3,Practical-Mix-4332,Cheese_B0t
2,apluskale,Sad-Enthusiasm-8224
3,inquisitive_guy_0_1,apluskale
2,inquisitive_guy_0_1,Sad-Enthusiasm-8224
3,Sad-Enthusiasm-8224,inquisitive_guy_0_1
1,danielbr93,Tinsnow1
1,metekillot,Tinsnow1
2,throwaway12121212ty,metekillot
1,dnkdumpster,Tinsnow1
2,cajun_spice,dnkdumpster
2,XtremeGoose,dnkdumpster
3,ivineets,XtremeGoose
1,miles66,Tinsnow1
2,Successful-Detail-54,miles66
1,EnvironmentalBed8624,Tinsnow1
1,abruptlyslow,Tinsnow1
1,outragedUSAcitizen,Tinsnow1
1,NimChimspky,Tinsnow1
1,errllu,Tinsnow1
2,Tottalynotdeadinside,errllu
3,errllu,Tottalynotdeadinside
2,racdicoon,errllu
3,inquisitive_guy_0_1,racdicoon
2,Pale-Stranger-9743,errllu
3,errllu,Pale-Stranger-9743
1,cyanideOG,Tinsnow1
1,Focused-Joe,Tinsnow1
1,MidTierBeans,Tinsnow1
1,lsdrunner,Tinsnow1
1,Rude_Fortune2018,Tinsnow1
1,ivineets,Tinsnow1
2,ivineets,ivineets
1,headvoice73,Tinsnow1
2,FlavinFlave,headvoice73
1,afinlayson,Tinsnow1
1,observis,Tinsnow1
1,onyxengine,Tinsnow1
0,maoflro2011
1,AutoModerator,maoflro2011
1,MisterGoo,maoflro2011
1,LargeBuffalo,maoflro2011
0,3nd4u
1,AutoModerator,3nd4u
1,bursttransmission,3nd4u
2,3nd4u,bursttransmission
1,Rhysss99,3nd4u
